race_id,distance_m,track_surface,weather,track_condition,post_time,race_name,prize_1st,prize_2nd,prize_3rd,prize_4th,prize_5th,venue,day_of_meeting,round_of_year,race_class,head_count,race_date,finish_position,bracket_number,horse_number,horse_id,horse_name,sex_age,basis_weight,jockey_id,jockey_name,finish_time_str,finish_time_sec,margin_str,margin_seconds,passing_order_1,passing_order_2,passing_order_3,passing_order_4,last_3f_time,win_odds,popularity,horse_weight,horse_weight_change,trainer_id,trainer_name,owner_name,prize_money,time_before_last_3f,popularity_finish_diff
202305040301,1600,ダート,雨,稍重,10:05,2歳未勝利,,,,,,東京,3,4,未勝利,13,2023-10-09,1.0,8,13,2021102797,フィリップ,牡2,56.0,01170,横山武史,1:37.8,97.8,,,3.0,3.0,,,38.2,3.0,2.0,478.0,6.0,01051,岩戸孝樹,ビッグレッドファーム,550.0,59.6,-1.0
202305040301,1600,ダート,雨,稍重,10:05,2歳未勝利,,,,,,東京,3,4,未勝利,13,2023-10-09,2.0,7,11,2021103145,レッドレナート,牡2,56.0,05339,ルメール,1:38.0,98.0,1,0.2,5.0,5.0,,,38.2,2.8,1.0,476.0,-12.0,01038,手塚貴久,東京ホースレーシング,220.0,59.8,1.0
202305040301,1600,ダート,雨,稍重,10:05,2歳未勝利,,,,,,東京,3,4,未勝利,13,2023-10-09,3.0,5,7,2021105262,ラオラシオン,牡2,56.0,01178,斎藤新,1:38.3,98.3,2,0.4,5.0,5.0,,,38.5,17.3,7.0,486.0,2.0,01086,斎藤誠,ＤＭＭドリームクラブ,140.0,59.8,-4.0
202305040301,1600,ダート,雨,稍重,10:05,2歳未勝利,,,,,,東京,3,4,未勝利,13,2023-10-09,4.0,5,6,2021100588,ホワイトビーチ,牡2,55.0,01197,佐々木大,1:38.8,98.8,3,0.6,3.0,3.0,,,39.2,9.8,4.0,476.0,-6.0,01010,中野栄治,ライフエンタープライズ,83.0,59.6,0.0
202305040301,1600,ダート,雨,稍重,10:05,2歳未勝利,,,,,,東京,3,4,未勝利,13,2023-10-09,5.0,6,9,2021104038,ソニックロプロス,牡2,53.0,01205,小林勝太,1:39.0,99.0,3/4,0.15,2.0,2.0,,,39.7,28.5,8.0,486.0,-4.0,01169,加藤士津,兼松康太,55.0,59.3,-3.0
202305040301,1600,ダート,雨,稍重,10:05,2歳未勝利,,,,,,東京,3,4,未勝利,13,2023-10-09,6.0,7,10,2021105504,キャラメルショコラ,牝2,55.0,01134,嶋田純次,1:39.1,99.1,3/4,0.15,7.0,7.0,,,39.0,16.6,6.0,496.0,-2.0,01038,手塚貴久,青芝商事,,60.1,0.0
202305040301,1600,ダート,雨,稍重,10:05,2歳未勝利,,,,,,東京,3,4,未勝利,13,2023-10-09,7.0,2,2,2021101530,ウインラムセス,牡2,56.0,01091,丹内祐次,1:39.2,99.2,3/4,0.15,8.0,8.0,,,38.7,14.2,5.0,466.0,2.0,01020,相沢郁,ウイン,,60.5,2.0
202305040301,1600,ダート,雨,稍重,10:05,2歳未勝利,,,,,,東京,3,4,未勝利,13,2023-10-09,8.0,4,4,2021104157,グレイトマジック,牡2,56.0,00422,内田博幸,1:39.3,99.3,クビ,0.05,12.0,12.0,,,38.1,75.9,10.0,474.0,4.0,01089,武市康男,櫻井秀樹,,61.2,-2.0
202305040301,1600,ダート,雨,稍重,10:05,2歳未勝利,,,,,,東京,3,4,未勝利,13,2023-10-09,9.0,8,12,2021105273,スパイキーボウ,牡2,56.0,01092,津村明秀,1:39.7,99.7,2.1/2,0.5,8.0,8.0,,,39.2,59.3,9.0,478.0,2.0,01094,水野貴広,吉田照哉,,60.5,0.0
202305040301,1600,ダート,雨,稍重,10:05,2歳未勝利,,,,,,東京,3,4,未勝利,13,2023-10-09,10.0,6,8,2021102671,ヨリナエスポワール,牡2,56.0,01162,木幡巧也,1:39.8,99.8,クビ,0.05,1.0,1.0,,,40.6,6.8,3.0,530.0,4.0,01106,牧光二,辻子依旦,,59.2,7.0
202305040301,1600,ダート,雨,稍重,10:05,2歳未勝利,,,,,,東京,3,4,未勝利,13,2023-10-09,11.0,4,5,2021107289,エクセプション,牡2,55.0,01184,原優介,1:40.1,100.1,2,0.4,11.0,11.0,,,39.3,234.8,12.0,408.0,2.0,01005,小桧山悟,鳴田啓志,,60.8,-1.0
202305040301,1600,ダート,雨,稍重,10:05,2歳未勝利,,,,,,東京,3,4,未勝利,13,2023-10-09,12.0,1,1,2021100665,ポラライズ,牡2,56.0,01161,菊沢一樹,1:40.4,100.4,2,0.4,13.0,13.0,,,38.5,415.0,13.0,450.0,4.0,01100,松山将樹,山口裕介,,61.9,-1.0
202305040301,1600,ダート,雨,稍重,10:05,2歳未勝利,,,,,,東京,3,4,未勝利,13,2023-10-09,13.0,3,3,2021104433,ラウドワルド,牡2,55.0,01188,永野猛蔵,1:40.6,100.6,1.1/4,0.25,8.0,10.0,,,40.0,119.4,11.0,474.0,16.0,01133,黒岩陽一,宮田大三,,60.6,2.0
202305040302,1600,芝,雨,稍重,10:35,2歳未勝利,,,,,,東京,3,4,未勝利,13,2023-10-09,1.0,4,4,2021103559,オメガウインク,牝2,55.0,05386,戸崎圭太,1:35.1,95.1,,,4.0,5.0,,,35.6,4.7,2.0,464.0,0.0,01124,大和田成,原禮子,550.0,59.5,-1.0
202305040302,1600,芝,雨,稍重,10:35,2歳未勝利,,,,,,東京,3,4,未勝利,13,2023-10-09,2.0,8,12,2021105484,ベランジェール,牝2,55.0,01043,北村宏司,1:35.2,95.2,1/2,0.1,11.0,11.0,,,35.1,17.0,4.0,448.0,-2.0,01126,木村哲也,ＤＭＭドリームクラブ,220.0,60.1,-2.0
202305040302,1600,芝,雨,稍重,10:35,2歳未勝利,,,,,,東京,3,4,未勝利,13,2023-10-09,3.0,7,10,2021101427,ガーデンプランナー,牝2,55.0,01085,松岡正海,1:35.6,95.6,2.1/2,0.5,7.0,7.0,,,35.8,18.8,5.0,444.0,2.0,01189,堀内岳志,下河辺隆行,140.0,59.8,-2.0
202305040302,1600,芝,雨,稍重,10:35,2歳未勝利,,,,,,東京,3,4,未勝利,13,2023-10-09,4.0,7,11,2021105261,ナリノイングリッド,牝2,55.0,01096,大野拓弥,1:35.7,95.7,1/2,0.1,9.0,8.0,,,35.7,26.0,6.0,434.0,-2.0,00423,上原博之,成塚清志,83.0,60.0,-2.0
202305040302,1600,芝,雨,稍重,10:35,2歳未勝利,,,,,,東京,3,4,未勝利,13,2023-10-09,5.0,5,7,2021106792,コスモカノア,牝2,53.0,01164,藤田菜七,1:36.0,96.0,2,0.4,12.0,12.0,,,35.5,63.0,8.0,382.0,0.0,01124,大和田成,ビッグレッドファーム,55.0,60.5,-3.0
202305040302,1600,芝,雨,稍重,10:35,2歳未勝利,,,,,,東京,3,4,未勝利,13,2023-10-09,6.0,6,8,2021102685,セイウンチドリ,牝2,54.0,01188,永野猛蔵,1:36.3,96.3,1.3/4,0.35,4.0,5.0,,,36.8,6.4,3.0,452.0,2.0,01190,村田一誠,西山茂行,,59.5,3.0
202305040302,1600,芝,雨,稍重,10:35,2歳未勝利,,,,,,東京,3,4,未勝利,13,2023-10-09,7.0,2,2,2021105713,ヴィントシュティレ,牝2,55.0,05339,ルメール,1:36.3,96.3,クビ,0.05,2.0,2.0,,,37.5,1.5,1.0,456.0,-4.0,01079,古賀慎明,キャロットファーム,,58.8,6.0
202305040302,1600,芝,雨,稍重,10:35,2歳未勝利,,,,,,東京,3,4,未勝利,13,2023-10-09,8.0,6,9,2021103422,ジョブックノワ,牝2,52.0,01207,佐藤翔馬,1:36.7,96.7,2.1/2,0.5,1.0,1.0,,,38.2,222.2,10.0,420.0,0.0,01005,小桧山悟,萩本企画,,58.5,-2.0
202305040302,1600,芝,雨,稍重,10:35,2歳未勝利,,,,,,東京,3,4,未勝利,13,2023-10-09,9.0,8,13,2021103709,ソニャンド,牝2,52.0,01205,小林勝太,1:37.0,97.0,1.3/4,0.35,7.0,8.0,,,37.1,88.8,9.0,436.0,10.0,01023,伊藤圭三,河野孝明,,59.9,0.0
202305040302,1600,芝,雨,稍重,10:35,2歳未勝利,,,,,,東京,3,4,未勝利,13,2023-10-09,10.0,4,5,2021102667,ペッシュプラット,牝2,55.0,00733,吉田豊,1:37.3,97.3,1.3/4,0.35,12.0,13.0,,,36.3,480.9,13.0,418.0,0.0,00437,南田美知,柴田洋一,,61.0,-3.0
202305040302,1600,芝,雨,稍重,10:35,2歳未勝利,,,,,,東京,3,4,未勝利,13,2023-10-09,11.0,1,1,2021106800,ソウキュウ,牝2,55.0,01091,丹内祐次,1:37.3,97.3,クビ,0.05,4.0,3.0,,,37.9,46.3,7.0,484.0,10.0,01088,高木登,サラブレッドクラブ・ラフィアン,,59.4,4.0
202305040302,1600,芝,雨,稍重,10:35,2歳未勝利,,,,,,東京,3,4,未勝利,13,2023-10-09,12.0,3,3,2021106321,エメラルドフィジー,牝2,52.0,01201,水沼元輝,1:38.0,98.0,4,0.8,9.0,8.0,,,38.0,392.0,12.0,446.0,2.0,01077,加藤和宏,スピードファーム,,60.0,0.0
202305040302,1600,芝,雨,稍重,10:35,2歳未勝利,,,,,,東京,3,4,未勝利,13,2023-10-09,13.0,5,6,2021100399,クレーンパーディタ,牝2,55.0,01162,木幡巧也,1:38.3,98.3,2,0.4,3.0,3.0,,,39.0,345.4,11.0,460.0,0.0,01047,勢司和浩,本桐牧場,,59.3,2.0
202305040303,1800,芝,雨,稍重,11:05,2歳未勝利,,,,,,東京,3,4,未勝利,9,2023-10-09,1.0,4,4,2021106823,コガネノソラ,牝2,55.0,01170,横山武史,1:48.6,108.6,,,1.0,1.0,1,,34.6,4.2,2.0,440.0,2.0,01115,菊沢隆徳,ビッグレッドファーム,550.0,74.0,-1.0
202305040303,1800,芝,雨,稍重,11:05,2歳未勝利,,,,,,東京,3,4,未勝利,9,2023-10-09,2.0,3,3,2021106069,ポッドテオ,牡2,56.0,01043,北村宏司,1:48.9,108.9,1.1/2,0.3,7.0,6.0,7,,34.2,5.1,3.0,468.0,4.0,01048,畠山吉宏,小川眞査雄,220.0,74.7,-1.0
202305040303,1800,芝,雨,稍重,11:05,2歳未勝利,,,,,,東京,3,4,未勝利,9,2023-10-09,3.0,1,1,2021105670,ベストミーエヴァー,牝2,55.0,05339,ルメール,1:48.9,108.9,クビ,0.05,8.0,8.0,8,,34.1,1.5,1.0,476.0,0.0,00399,国枝栄,シルクレーシング,140.0,74.8,2.0
202305040303,1800,芝,雨,稍重,11:05,2歳未勝利,,,,,,東京,3,4,未勝利,9,2023-10-09,4.0,2,2,2021104837,ニシノフルール,牝2,55.0,01096,大野拓弥,1:49.9,109.9,6,1.2,3.0,4.0,3,,35.6,58.5,6.0,468.0,4.0,01008,杉浦宏昭,西山茂行,83.0,74.3,-2.0
202305040303,1800,芝,雨,稍重,11:05,2歳未勝利,,,,,,東京,3,4,未勝利,9,2023-10-09,5.0,5,5,2021101473,ベルベットハンマー,牝2,55.0,01091,丹内祐次,1:50.2,110.2,2,0.4,5.0,4.0,5,,35.8,59.9,7.0,434.0,6.0,01090,天間昭一,ビッグレッドファーム,55.0,74.4,-2.0
202305040303,1800,芝,雨,稍重,11:05,2歳未勝利,,,,,,東京,3,4,未勝利,9,2023-10-09,6.0,6,6,2021100627,ラブショック,牝2,52.0,01201,水沼元輝,1:50.2,110.2,クビ,0.05,9.0,9.0,9,,35.3,323.2,9.0,464.0,2.0,01077,加藤和宏,オールラブクラブ,,74.9,-3.0
202305040303,1800,芝,雨,稍重,11:05,2歳未勝利,,,,,,東京,3,4,未勝利,9,2023-10-09,7.0,7,7,2021101640,ムーンブルー,牡2,56.0,01135,杉原誠人,1:50.3,110.3,3/4,0.15,5.0,6.0,6,,35.8,18.9,5.0,438.0,6.0,01068,小島茂之,ゴドルフィン,,74.5,2.0
202305040303,1800,芝,雨,稍重,11:05,2歳未勝利,,,,,,東京,3,4,未勝利,9,2023-10-09,8.0,8,8,2021104068,サクラサルーテ,牝2,55.0,05386,戸崎圭太,1:50.7,110.7,2.1/2,0.5,3.0,3.0,3,,36.4,18.1,4.0,438.0,-2.0,01112,田島俊明,さくらコマース,,74.3,4.0
202305040303,1800,芝,雨,稍重,11:05,2歳未勝利,,,,,,東京,3,4,未勝利,9,2023-10-09,9.0,8,9,2021101173,ポケットマネー,牡2,56.0,01092,津村明秀,1:51.8,111.8,7,1.4,2.0,2.0,2,,37.6,139.2,8.0,490.0,2.0,01171,小手川準,保坂和孝,,74.2,1.0
202305040304,,,雨,稍重,11:35,障害3歳以上未勝利,,,,,,東京,3,4,未勝利,12,2023-10-09,1.0,5,5,2017104129,イバル,牡6,60.0,01067,平沢健治,3:27.1,207.1,,,2.0,2.0,1,1,13.8,2.5,1.0,520.0,8.0,01085,小崎憲,ケーエスＨＤ,790.0,193.3,0.0
202305040304,,,雨,稍重,11:35,障害3歳以上未勝利,,,,,,東京,3,4,未勝利,12,2023-10-09,2.0,7,9,2020104089,ドンカルロ,牡3,58.0,01123,小野寺祐,3:28.2,208.2,7,1.4,5.0,5.0,5,3,13.9,20.0,6.0,450.0,-2.0,01159,高柳大輔,広尾レース,320.0,194.3,-4.0
202305040304,,,雨,稍重,11:35,障害3歳以上未勝利,,,,,,東京,3,4,未勝利,12,2023-10-09,3.0,1,1,2018102807,ニシノソワレ,牡5,60.0,01087,上野翔,3:29.2,209.2,6,1.2,1.0,1.0,2,2,13.9,3.3,2.0,508.0,6.0,01074,奥平雅士,西山茂行,200.0,195.3,1.0
202305040304,,,雨,稍重,11:35,障害3歳以上未勝利,,,,,,東京,3,4,未勝利,12,2023-10-09,4.0,6,8,2020101223,エルクリード,牡3,58.0,01059,石神深一,3:30.7,210.7,9,1.8,3.0,3.0,3,3,14.0,6.7,4.0,506.0,0.0,01174,深山雅史,磯波勇Ｆ,120.0,196.7,0.0
202305040304,,,雨,稍重,11:35,障害3歳以上未勝利,,,,,,東京,3,4,未勝利,12,2023-10-09,5.0,3,3,2020104734,ユイノオトコヤマ,牡3,58.0,01120,大江原圭,3:31.3,211.3,3.1/2,0.7,4.0,3.0,3,3,14.1,5.5,3.0,464.0,8.0,01174,深山雅史,由井健太郎,79.0,197.2,2.0
202305040304,,,雨,稍重,11:35,障害3歳以上未勝利,,,,,,東京,3,4,未勝利,12,2023-10-09,6.0,4,4,2018104787,ウラエウス,セ5,60.0,01101,中村将之,3:31.5,211.5,1,0.2,6.0,6.0,7,7,14.1,25.9,7.0,460.0,10.0,01186,中村直也,吉田照哉,,197.4,-1.0
202305040304,,,雨,稍重,11:35,障害3歳以上未勝利,,,,,,東京,3,4,未勝利,12,2023-10-09,7.0,6,7,2019102960,コスモブライヤー,牡4,60.0,01072,黒岩悠,3:31.9,211.9,2.1/2,0.5,6.0,6.0,6,6,14.1,31.4,9.0,492.0,4.0,01170,坂口智康,酒井孝敏,,197.8,-2.0
202305040304,,,雨,稍重,11:35,障害3歳以上未勝利,,,,,,東京,3,4,未勝利,12,2023-10-09,8.0,2,2,2019102944,メノーグラジオラス,牡4,60.0,01113,草野太郎,3:32.8,212.8,5,1.0,9.0,8.0,8,8,14.2,85.9,10.0,484.0,0.0,01054,戸田博文,清進電設,,198.6,-2.0
202305040304,,,雨,稍重,11:35,障害3歳以上未勝利,,,,,,東京,3,4,未勝利,12,2023-10-09,9.0,7,10,2019104410,ミゲル,牡4,60.0,01023,江田勇亮,3:33.3,213.3,3,0.6,8.0,8.0,9,9,14.2,28.4,8.0,506.0,6.0,00417,土田稔,島川隆哉,,199.1,1.0
202305040304,,,雨,稍重,11:35,障害3歳以上未勝利,,,,,,東京,3,4,未勝利,12,2023-10-09,10.0,8,12,2020100417,セイウンデイスター,牡3,58.0,01069,五十嵐雄,3:35.7,215.7,大,5.0,10.0,10.0,11,11,14.4,18.6,5.0,448.0,18.0,01024,萱野浩二,西山茂行,,201.3,5.0
202305040304,,,雨,稍重,11:35,障害3歳以上未勝利,,,,,,東京,3,4,未勝利,12,2023-10-09,11.0,8,11,2018102077,トーカイキング,牡5,60.0,01068,蓑島靖典,3:37.7,217.7,大,5.0,11.0,11.0,10,10,14.5,87.6,11.0,482.0,4.0,00437,南田美知,田畑富子,,203.2,0.0
202305040304,,,雨,稍重,11:35,障害3歳以上未勝利,,,,,,東京,3,4,未勝利,12,2023-10-09,12.0,5,6,2018101114,クリノグリゴロス,牡5,57.0,01201,水沼元輝,3:44.0,224.0,大,5.0,12.0,12.0,12,12,14.9,202.9,12.0,528.0,12.0,01090,天間昭一,栗本博晴,,209.1,0.0
202305040305,1600,芝,雨,稍重,12:25,2歳新馬,,,,,,東京,3,4,新馬,13,2023-10-09,1.0,8,12,2021103478,ファビュラススター,牡2,56.0,01170,横山武史,1:36.9,96.9,,,5.0,4.0,,,33.9,8.8,4.0,500.0,0.0,01017,萩原清,前田幸貴,720.0,63.0,-3.0
202305040305,1600,芝,雨,稍重,12:25,2歳新馬,,,,,,東京,3,4,新馬,13,2023-10-09,2.0,6,8,2021110003,アンドアイラヴハー,牝2,55.0,05339,ルメール,1:37.0,97.0,1/2,0.1,1.0,1.0,,,34.4,2.0,1.0,472.0,0.0,01027,田村康仁,キャロットファーム,290.0,62.6,1.0
202305040305,1600,芝,雨,稍重,12:25,2歳新馬,,,,,,東京,3,4,新馬,13,2023-10-09,3.0,6,9,2021110072,メティエダール,牝2,55.0,01157,鮫島克駿,1:37.1,97.1,1,0.2,2.0,2.0,,,34.4,12.9,5.0,476.0,0.0,01092,松永幹夫,ノースヒルズ,180.0,62.7,-2.0
202305040305,1600,芝,雨,稍重,12:25,2歳新馬,,,,,,東京,3,4,新馬,13,2023-10-09,4.0,2,2,2021105143,ダノンデサイル,牡2,56.0,00660,横山典弘,1:37.7,97.7,3.1/2,0.7,10.0,10.0,,,34.1,8.3,3.0,504.0,0.0,01164,安田翔伍,ダノックス,110.0,63.6,1.0
202305040305,1600,芝,雨,稍重,12:25,2歳新馬,,,,,,東京,3,4,新馬,13,2023-10-09,5.0,4,5,2021100149,ライトスタッフ,牝2,54.0,01197,佐々木大,1:37.8,97.8,1/2,0.1,8.0,8.0,,,34.5,67.4,8.0,418.0,0.0,01165,和田勇介,中村伊三美,72.0,63.3,-3.0
202305040305,1600,芝,雨,稍重,12:25,2歳新馬,,,,,,東京,3,4,新馬,13,2023-10-09,6.0,3,3,2021110044,キングズロア,牡2,56.0,05386,戸崎圭太,1:37.9,97.9,1/2,0.1,7.0,7.0,,,34.7,3.9,2.0,502.0,0.0,01055,藤原英昭,フクキタル,,63.2,4.0
202305040305,1600,芝,雨,稍重,12:25,2歳新馬,,,,,,東京,3,4,新馬,13,2023-10-09,7.0,7,11,2021105776,ピーエムドレミ,牝2,55.0,01043,北村宏司,1:37.9,97.9,アタマ,0.04,3.0,3.0,,,35.1,16.6,6.0,392.0,0.0,01114,和田正一,松山毅,,62.8,1.0
202305040305,1600,芝,雨,稍重,12:25,2歳新馬,,,,,,東京,3,4,新馬,13,2023-10-09,8.0,8,13,2021103551,ヘブンズサウンド,牡2,55.0,01192,横山琉人,1:38.0,98.0,3/4,0.15,8.0,8.0,,,34.7,170.2,12.0,416.0,0.0,01064,武藤善則,岡田牧雄,,63.3,-4.0
202305040305,1600,芝,雨,稍重,12:25,2歳新馬,,,,,,東京,3,4,新馬,13,2023-10-09,9.0,4,4,2021103799,ケイケイ,セ2,56.0,01096,大野拓弥,1:38.4,98.4,2.1/2,0.5,5.0,4.0,,,35.4,168.1,11.0,454.0,0.0,01008,杉浦宏昭,桑野克己,,63.0,-2.0
202305040305,1600,芝,雨,稍重,12:25,2歳新馬,,,,,,東京,3,4,新馬,13,2023-10-09,10.0,7,10,2021100817,プリティキッス,牝2,55.0,01091,丹内祐次,1:38.5,98.5,1/2,0.1,12.0,12.0,,,34.6,138.7,10.0,448.0,0.0,01112,田島俊明,サラブレッドクラブ・ラフィアン,,63.9,0.0
202305040305,1600,芝,雨,稍重,12:25,2歳新馬,,,,,,東京,3,4,新馬,13,2023-10-09,11.0,5,6,2021102774,フォクシー,牝2,55.0,01085,松岡正海,1:39.0,99.0,3,0.6,11.0,10.0,,,35.4,98.9,9.0,414.0,0.0,01048,畠山吉宏,竹内敬輔,,63.6,2.0
202305040305,1600,芝,雨,稍重,12:25,2歳新馬,,,,,,東京,3,4,新馬,13,2023-10-09,12.0,5,7,2021100456,レグノ,牡2,56.0,01127,丸山元気,1:39.3,99.3,2,0.4,3.0,4.0,,,36.2,48.1,7.0,434.0,0.0,01028,西園正都,ターフライズ,,63.1,5.0
202305040305,1600,芝,雨,稍重,12:25,2歳新馬,,,,,,東京,3,4,新馬,13,2023-10-09,13.0,1,1,2021106471,ソワンドレイライン,牡2,56.0,01150,石川裕紀,1:41.0,101.0,10,2.0,13.0,13.0,,,36.8,240.7,13.0,448.0,0.0,01141,尾形和幸,サイレント・ウエストジャパン,,64.2,0.0
202305040306,1400,ダート,雨,不良,12:55,2歳新馬,,,,,,東京,3,4,新馬,15,2023-10-09,1.0,3,5,2021110134,エンブレムボム,牡2,56.0,05386,戸崎圭太,1:26.3,86.3,,,2.0,2.0,,,37.9,2.7,1.0,502.0,0.0,00427,森秀行,トニー倶楽部,720.0,48.4,0.0
202305040306,1400,ダート,雨,不良,12:55,2歳新馬,,,,,,東京,3,4,新馬,15,2023-10-09,2.0,4,7,2021106756,エッカート,牡2,56.0,01122,三浦皇成,1:26.5,86.5,1,0.2,12.0,9.0,,,36.5,15.1,6.0,470.0,0.0,01114,和田正一,ノースヒルズ,290.0,50.0,-4.0
202305040306,1400,ダート,雨,不良,12:55,2歳新馬,,,,,,東京,3,4,新馬,15,2023-10-09,3.0,4,6,2021103320,サンライズシア,牡2,56.0,01157,鮫島克駿,1:26.6,86.6,3/4,0.15,4.0,5.0,,,37.9,7.8,3.0,486.0,0.0,01166,石坂公一,松岡隆雄,180.0,48.7,0.0
202305040306,1400,ダート,雨,不良,12:55,2歳新馬,,,,,,東京,3,4,新馬,15,2023-10-09,4.0,5,8,2021105099,カンデラリア,牡2,56.0,01117,丸田恭介,1:26.6,86.6,ハナ,0.02,14.0,13.0,,,36.1,24.8,8.0,486.0,0.0,00420,宗像義忠,島川利子,110.0,50.5,-4.0
202305040306,1400,ダート,雨,不良,12:55,2歳新馬,,,,,,東京,3,4,新馬,15,2023-10-09,5.0,3,4,2021100880,ファイアーサイン,牡2,53.0,01201,水沼元輝,1:26.7,86.7,1/2,0.1,8.0,8.0,,,37.0,58.4,10.0,448.0,0.0,01043,石栗龍彦,松谷翔太,72.0,49.7,-5.0
202305040306,1400,ダート,雨,不良,12:55,2歳新馬,,,,,,東京,3,4,新馬,15,2023-10-09,6.0,2,2,2021106724,チェルシー,牝2,55.0,00733,吉田豊,1:26.9,86.9,1.1/4,0.25,1.0,1.0,,,38.6,8.0,4.0,430.0,0.0,01153,中舘英二,広尾レース,,48.3,2.0
202305040306,1400,ダート,雨,不良,12:55,2歳新馬,,,,,,東京,3,4,新馬,15,2023-10-09,7.0,6,10,2021104042,ピンクシティー,牝2,53.0,01177,小林凌大,1:27.0,87.0,クビ,0.05,9.0,9.0,,,37.1,133.4,15.0,444.0,0.0,01031,伊藤伸一,柳橋俊昭,,49.9,-8.0
202305040306,1400,ダート,雨,不良,12:55,2歳新馬,,,,,,東京,3,4,新馬,15,2023-10-09,8.0,8,14,2021100884,タケルゴールド,牡2,56.0,05339,ルメール,1:27.2,87.2,1.1/2,0.3,6.0,6.0,,,38.3,4.7,2.0,456.0,0.0,01059,加藤征弘,森保彦,,48.9,6.0
202305040306,1400,ダート,雨,不良,12:55,2歳新馬,,,,,,東京,3,4,新馬,15,2023-10-09,9.0,6,11,2021105089,ヒロインズクレスト,牝2,54.0,01182,泉谷楓真,1:27.8,87.8,3.1/2,0.7,12.0,13.0,,,37.2,8.5,5.0,466.0,0.0,01099,本田優,吉田照哉,,50.6,4.0
202305040306,1400,ダート,雨,不良,12:55,2歳新馬,,,,,,東京,3,4,新馬,15,2023-10-09,10.0,5,9,2021101225,インファンタ,牝2,55.0,01131,西村太一,1:27.9,87.9,3/4,0.15,4.0,3.0,,,39.4,23.5,7.0,464.0,0.0,01189,堀内岳志,木村牧場,,48.5,3.0
202305040306,1400,ダート,雨,不良,12:55,2歳新馬,,,,,,東京,3,4,新馬,15,2023-10-09,11.0,7,13,2021103341,エムシージャドゥ,牡2,56.0,01109,黛弘人,1:27.9,87.9,クビ,0.05,9.0,11.0,,,37.7,104.6,13.0,484.0,0.0,00428,石毛善彦,ミルファーム,,50.2,-2.0
202305040306,1400,ダート,雨,不良,12:55,2歳新馬,,,,,,東京,3,4,新馬,15,2023-10-09,12.0,7,12,2021107012,キングプロフィット,牡2,56.0,01096,大野拓弥,1:28.0,88.0,クビ,0.05,15.0,15.0,,,37.2,62.7,11.0,454.0,0.0,01116,新開幸一,飯島利彦,,50.8,1.0
202305040306,1400,ダート,雨,不良,12:55,2歳新馬,,,,,,東京,3,4,新馬,15,2023-10-09,13.0,2,3,2021103148,ユーベルメンシュ,牡2,56.0,00422,内田博幸,1:29.1,89.1,7,1.4,6.0,6.0,,,40.2,47.2,9.0,544.0,0.0,01188,畑端省吾,中西宏彰,,48.9,4.0
202305040306,1400,ダート,雨,不良,12:55,2歳新馬,,,,,,東京,3,4,新馬,15,2023-10-09,14.0,1,1,2021101606,キミニメロメロ,牝2,55.0,01029,武士沢友,1:29.5,89.5,2.1/2,0.5,9.0,11.0,,,39.4,124.4,14.0,476.0,0.0,01171,小手川準,東豊物産,,50.1,0.0
202305040306,1400,ダート,雨,不良,12:55,2歳新馬,,,,,,東京,3,4,新馬,15,2023-10-09,15.0,8,15,2021102384,カンパニヤン,牝2,54.0,01197,佐々木大,1:29.5,89.5,ハナ,0.02,3.0,3.0,,,40.9,72.7,12.0,430.0,0.0,01112,田島俊明,西村專次,,48.6,3.0
202305040307,1600,ダート,雨,不良,13:25,3歳以上1勝クラス,,,,,,東京,3,4,,14,2023-10-09,1.0,1,1,2020106954,タイセイキューティ,牝3,54.0,01170,横山武史,1:37.3,97.3,,,11.0,12.0,,,36.9,9.0,6.0,460.0,2.0,01145,奥村武,田中成奉,800.0,60.4,-5.0
202305040307,1600,ダート,雨,不良,13:25,3歳以上1勝クラス,,,,,,東京,3,4,,14,2023-10-09,2.0,5,8,2020103221,シルバーニース,牝3,54.0,01096,大野拓弥,1:37.4,97.4,1/2,0.1,4.0,4.0,,,37.7,29.6,10.0,448.0,6.0,01027,田村康仁,亀井哲也,320.0,59.7,-8.0
202305040307,1600,ダート,雨,不良,13:25,3歳以上1勝クラス,,,,,,東京,3,4,,14,2023-10-09,3.0,3,4,2020102592,アフトクラーティラ,牝3,51.0,01205,小林勝太,1:37.4,97.4,ハナ,0.02,1.0,1.0,,,37.9,15.6,8.0,468.0,-14.0,01115,菊沢隆徳,Ｇ１レーシング,200.0,59.5,-5.0
202305040307,1600,ダート,雨,不良,13:25,3歳以上1勝クラス,,,,,,東京,3,4,,14,2023-10-09,4.0,4,5,2020106024,ナックダンス,牝3,53.0,01197,佐々木大,1:37.4,97.4,クビ,0.05,2.0,2.0,,,37.9,8.1,3.0,498.0,8.0,01008,杉浦宏昭,小松欣也,120.0,59.5,1.0
202305040307,1600,ダート,雨,不良,13:25,3歳以上1勝クラス,,,,,,東京,3,4,,14,2023-10-09,5.0,3,3,2020103247,メテオールライト,牝3,54.0,05339,ルメール,1:37.7,97.7,1.1/2,0.3,6.0,6.0,,,37.8,2.8,1.0,424.0,-2.0,01017,萩原清,シルクレーシング,80.0,59.9,4.0
202305040307,1600,ダート,雨,不良,13:25,3歳以上1勝クラス,,,,,,東京,3,4,,14,2023-10-09,6.0,8,13,2016103409,ジェイエルフラッグ,牝7,56.0,01025,勝浦正樹,1:37.9,97.9,1.1/4,0.25,14.0,14.0,,,37.2,386.5,14.0,454.0,4.0,00405,小西一男,橋元幸人,,60.7,-8.0
202305040307,1600,ダート,雨,不良,13:25,3歳以上1勝クラス,,,,,,東京,3,4,,14,2023-10-09,7.0,4,6,2020104634,スピリチュアル,牝3,54.0,01169,武藤雅,1:38.0,98.0,1/2,0.1,3.0,3.0,,,38.4,65.1,12.0,446.0,24.0,01064,武藤善則,佐々木雄二,,59.6,-5.0
202305040307,1600,ダート,雨,不良,13:25,3歳以上1勝クラス,,,,,,東京,3,4,,14,2023-10-09,8.0,8,14,2020105578,トウロウノオノ,牝3,50.0,01206,小林美駒,1:38.3,98.3,1.3/4,0.35,11.0,13.0,,,37.8,10.5,7.0,436.0,-4.0,01152,竹内正洋,由井健太郎,,60.5,1.0
202305040307,1600,ダート,雨,不良,13:25,3歳以上1勝クラス,,,,,,東京,3,4,,14,2023-10-09,9.0,7,11,2019102552,ジューンポンポン,牝4,56.0,01140,横山和生,1:38.3,98.3,クビ,0.05,6.0,6.0,,,38.4,8.4,4.0,486.0,2.0,01165,和田勇介,吉川潤,,59.9,5.0
202305040307,1600,ダート,雨,不良,13:25,3歳以上1勝クラス,,,,,,東京,3,4,,14,2023-10-09,10.0,6,9,2018105322,エレボアブランシュ,牝5,56.0,01150,石川裕紀,1:38.5,98.5,1.1/2,0.3,6.0,9.0,,,38.2,16.3,9.0,444.0,6.0,01169,加藤士津,サンデーレーシング,,60.3,1.0
202305040307,1600,ダート,雨,不良,13:25,3歳以上1勝クラス,,,,,,東京,3,4,,14,2023-10-09,11.0,7,12,2020101709,アステロイドメア,牝3,54.0,01091,丹内祐次,1:38.8,98.8,1.3/4,0.35,10.0,9.0,,,38.5,7.3,2.0,482.0,2.0,01089,武市康男,スマイルファーム,,60.3,9.0
202305040307,1600,ダート,雨,不良,13:25,3歳以上1勝クラス,,,,,,東京,3,4,,14,2023-10-09,12.0,5,7,2020102962,プチボヌール,牝3,54.0,01043,北村宏司,1:38.8,98.8,クビ,0.05,4.0,4.0,,,39.0,9.0,5.0,440.0,20.0,01048,畠山吉宏,村野康司,,59.8,7.0
202305040307,1600,ダート,雨,不良,13:25,3歳以上1勝クラス,,,,,,東京,3,4,,14,2023-10-09,13.0,6,10,2020102135,ペイシャアンジェロ,牝3,54.0,01085,松岡正海,1:38.9,98.9,1/2,0.1,6.0,8.0,,,38.8,46.5,11.0,436.0,-2.0,01031,伊藤伸一,北所直人,,60.1,2.0
202305040307,1600,ダート,雨,不良,13:25,3歳以上1勝クラス,,,,,,東京,3,4,,14,2023-10-09,14.0,2,2,2019106031,サンマルソムニア,牝4,56.0,01118,宮崎北斗,1:39.2,99.2,1.3/4,0.35,11.0,9.0,,,38.9,185.0,13.0,456.0,2.0,01035,佐藤吉勝,相馬勇,,60.3,1.0
202305040308,1400,芝,雨,重,14:01,3歳以上1勝クラス,,,,,,東京,3,4,,16,2023-10-09,1.0,2,3,2020102734,エリーズダイヤ,牝3,52.0,01164,藤田菜七,1:21.4,81.4,,,1.0,1.0,,,35.1,14.7,6.0,480.0,-10.0,01054,戸田博文,青芝商事,800.0,46.3,-5.0
202305040308,1400,芝,雨,重,14:01,3歳以上1勝クラス,,,,,,東京,3,4,,16,2023-10-09,2.0,4,7,2020106963,アンタノバラード,牝3,54.0,01135,杉原誠人,1:21.4,81.4,クビ,0.05,5.0,5.0,,,34.8,11.8,5.0,436.0,8.0,01109,伊藤大士,ミルファーム,320.0,46.6,-3.0
202305040308,1400,芝,雨,重,14:01,3歳以上1勝クラス,,,,,,東京,3,4,,16,2023-10-09,3.0,3,6,2020105492,ニシノピウモッソ,牡3,56.0,01025,勝浦正樹,1:21.5,81.5,1/2,0.1,10.0,10.0,,,34.2,8.9,4.0,452.0,-2.0,01187,西田雄一,西山茂行,200.0,47.3,-1.0
202305040308,1400,芝,雨,重,14:01,3歳以上1勝クラス,,,,,,東京,3,4,,16,2023-10-09,4.0,6,12,2020103517,レッドシュヴェルト,牡3,56.0,05386,戸崎圭太,1:21.6,81.6,1/2,0.1,12.0,12.0,,,34.1,2.9,1.0,464.0,-10.0,01103,尾関知人,東京ホースレーシング,120.0,47.5,3.0
202305040308,1400,芝,雨,重,14:01,3歳以上1勝クラス,,,,,,東京,3,4,,16,2023-10-09,5.0,1,2,2018105231,ラヴォルタ,牝5,56.0,01127,丸山元気,1:21.6,81.6,クビ,0.05,7.0,6.0,,,34.6,86.9,14.0,500.0,-2.0,01027,田村康仁,キャロットファーム,80.0,47.0,-9.0
202305040308,1400,芝,雨,重,14:01,3歳以上1勝クラス,,,,,,東京,3,4,,16,2023-10-09,6.0,4,8,2020103034,ドライブアローカス,牡3,56.0,05339,ルメール,1:21.6,81.6,アタマ,0.04,12.0,12.0,,,34.1,3.3,2.0,444.0,0.0,01076,小笠倫弘,吉田照哉,,47.5,4.0
202305040308,1400,芝,雨,重,14:01,3歳以上1勝クラス,,,,,,東京,3,4,,16,2023-10-09,7.0,7,14,2020104340,ハッピーパンニャ,牡3,55.0,01188,永野猛蔵,1:21.7,81.7,クビ,0.05,16.0,15.0,,,33.9,6.4,3.0,494.0,14.0,01133,黒岩陽一,足立範子,,47.8,4.0
202305040308,1400,芝,雨,重,14:01,3歳以上1勝クラス,,,,,,東京,3,4,,16,2023-10-09,8.0,8,15,2020104796,ホイッスルソング,牝3,53.0,01184,原優介,1:21.8,81.8,1/2,0.1,12.0,12.0,,,34.3,42.4,9.0,470.0,12.0,01133,黒岩陽一,今村明浩,,47.5,-1.0
202305040308,1400,芝,雨,重,14:01,3歳以上1勝クラス,,,,,,東京,3,4,,16,2023-10-09,9.0,5,9,2020102861,ラテラルシンキング,牡3,55.0,01197,佐々木大,1:21.9,81.9,3/4,0.15,6.0,6.0,,,35.0,57.2,10.0,418.0,8.0,01133,黒岩陽一,社台レースホース,,46.9,-1.0
202305040308,1400,芝,雨,重,14:01,3歳以上1勝クラス,,,,,,東京,3,4,,16,2023-10-09,10.0,8,16,2019104143,ミュージアムピース,セ4,58.0,01134,嶋田純次,1:21.9,81.9,アタマ,0.04,3.0,3.0,,,35.4,138.6,15.0,470.0,20.0,00428,石毛善彦,清水敏,,46.5,-5.0
202305040308,1400,芝,雨,重,14:01,3歳以上1勝クラス,,,,,,東京,3,4,,16,2023-10-09,11.0,5,10,2019105420,シウン,牝4,56.0,01091,丹内祐次,1:22.1,82.1,1.1/4,0.25,12.0,15.0,,,34.4,75.3,12.0,480.0,16.0,01108,矢野英一,Ｇリビエール・レーシング,,47.7,-1.0
202305040308,1400,芝,雨,重,14:01,3歳以上1勝クラス,,,,,,東京,3,4,,16,2023-10-09,12.0,2,4,2019105144,スクルトゥーラ,牝4,56.0,01092,津村明秀,1:22.4,82.4,1.3/4,0.35,9.0,8.0,,,35.2,15.1,7.0,438.0,6.0,01097,鹿戸雄一,サンデーレーシング,,47.2,5.0
202305040308,1400,芝,雨,重,14:01,3歳以上1勝クラス,,,,,,東京,3,4,,16,2023-10-09,13.0,6,11,2020102767,テンプーシャオン,牡3,56.0,01140,横山和生,1:22.4,82.4,クビ,0.05,11.0,10.0,,,35.1,37.7,8.0,434.0,2.0,01165,和田勇介,村田能光,,47.3,5.0
202305040308,1400,芝,雨,重,14:01,3歳以上1勝クラス,,,,,,東京,3,4,,16,2023-10-09,14.0,1,1,2019104764,ジェットグリッター,牝4,56.0,01161,菊沢一樹,1:22.5,82.5,クビ,0.05,3.0,3.0,,,36.0,267.3,16.0,438.0,0.0,01047,勢司和浩,成富直行,,46.5,-2.0
202305040308,1400,芝,雨,重,14:01,3歳以上1勝クラス,,,,,,東京,3,4,,16,2023-10-09,15.0,7,13,2019103790,ミツカネムーン,牝4,53.0,01205,小林勝太,1:22.8,82.8,2,0.4,7.0,8.0,,,35.7,81.3,13.0,452.0,-4.0,01080,清水英克,小山田満,,47.1,2.0
202305040308,1400,芝,雨,重,14:01,3歳以上1勝クラス,,,,,,東京,3,4,,16,2023-10-09,16.0,3,5,2020106384,カイザーブリッツ,牡3,52.0,01206,小林美駒,1:23.1,83.1,1.3/4,0.35,2.0,2.0,,,36.8,64.8,11.0,470.0,-8.0,01023,伊藤圭三,ライオンレースホース,,46.3,5.0
202305040309,2100,ダート,雨,不良,14:35,昇仙峡特別(2勝),,,,,,東京,3,4,,16,2023-10-09,1.0,5,10,2019105519,グリューヴルム,牡4,56.0,01157,鮫島克駿,2:09.6,129.6,,,5.0,5.0,6,4,36.8,5.6,3.0,496.0,-4.0,01058,大久保龍,キャロットファーム,1585.7,92.8,-2.0
202305040309,2100,ダート,雨,不良,14:35,昇仙峡特別(2勝),,,,,,東京,3,4,,16,2023-10-09,2.0,1,2,2018105342,ラフルオリータ,牝5,55.0,01043,北村宏司,2:09.8,129.8,1.1/2,0.3,2.0,2.0,2,1,37.3,9.3,4.0,484.0,0.0,01169,加藤士津,ライオンレースホース,630.2,92.5,-2.0
202305040309,2100,ダート,雨,不良,14:35,昇仙峡特別(2勝),,,,,,東京,3,4,,16,2023-10-09,3.0,8,15,2020102315,ヨリノサファイヤ,牝3,52.0,01164,藤田菜七,2:10.2,130.2,2.1/2,0.5,15.0,13.0,12,13,36.3,11.4,7.0,506.0,2.0,01029,根本康広,辻子依旦,395.1,93.9,-4.0
202305040309,2100,ダート,雨,不良,14:35,昇仙峡特別(2勝),,,,,,東京,3,4,,16,2023-10-09,4.0,5,9,2018100995,ルーパステソーロ,牡5,54.0,01184,原優介,2:10.5,130.5,1.3/4,0.35,11.0,10.0,3,2,37.9,115.0,14.0,552.0,8.0,01169,加藤士津,了徳寺健二ホールディングス,230.0,92.6,-10.0
202305040309,2100,ダート,雨,不良,14:35,昇仙峡特別(2勝),,,,,,東京,3,4,,16,2023-10-09,5.0,8,16,2019104478,アコークロー,牝4,53.0,01117,丸田恭介,2:10.6,130.6,1/2,0.1,11.0,13.0,12,11,36.8,10.3,6.0,486.0,2.0,01102,大竹正博,Ｇ１レーシング,155.0,93.8,-1.0
202305040309,2100,ダート,雨,不良,14:35,昇仙峡特別(2勝),,,,,,東京,3,4,,16,2023-10-09,6.0,3,5,2018104574,ローズボウル,牡5,57.0,01169,武藤雅,2:10.7,130.7,クビ,0.05,16.0,16.0,16,16,36.3,18.5,8.0,504.0,-6.0,01163,林徹,グリーンファーム,,94.4,-2.0
202305040309,2100,ダート,雨,不良,14:35,昇仙峡特別(2勝),,,,,,東京,3,4,,16,2023-10-09,7.0,6,12,2020107084,ソムリエ,牡3,55.0,01150,石川裕紀,2:10.7,130.7,ハナ,0.02,13.0,10.0,14,14,36.7,4.8,2.0,442.0,0.0,01020,相沢郁,畑佐博,,94.0,5.0
202305040309,2100,ダート,雨,不良,14:35,昇仙峡特別(2勝),,,,,,東京,3,4,,16,2023-10-09,8.0,4,8,2019110089,ハナキリ,牡4,54.0,01140,横山和生,2:10.7,130.7,クビ,0.05,4.0,4.0,5,4,37.9,107.8,13.0,478.0,-7.0,00427,森秀行,大野照旺,,92.8,-5.0
202305040309,2100,ダート,雨,不良,14:35,昇仙峡特別(2勝),,,,,,東京,3,4,,16,2023-10-09,9.0,7,13,2019105544,レッドベルアーム,牡4,56.0,05386,戸崎圭太,2:11.2,131.2,3,0.6,8.0,8.0,8,7,38.1,3.3,1.0,522.0,8.0,01055,藤原英昭,東京ホースレーシング,,93.1,8.0
202305040309,2100,ダート,雨,不良,14:35,昇仙峡特別(2勝),,,,,,東京,3,4,,16,2023-10-09,10.0,2,3,2017100415,ラブスピール,牝6,50.0,00689,江田照男,2:11.5,131.5,1.3/4,0.35,5.0,7.0,9,9,38.0,160.1,15.0,454.0,-2.0,01142,森田直行,増田陽一,,93.5,-5.0
202305040309,2100,ダート,雨,不良,14:35,昇仙峡特別(2勝),,,,,,東京,3,4,,16,2023-10-09,11.0,7,14,2019100663,ディサイド,牡4,55.0,01122,三浦皇成,2:11.5,131.5,クビ,0.05,10.0,10.0,9,9,38.0,21.9,9.0,468.0,-4.0,01117,高野友和,前田幸大,,93.5,2.0
202305040309,2100,ダート,雨,不良,14:35,昇仙峡特別(2勝),,,,,,東京,3,4,,16,2023-10-09,12.0,4,7,2018106220,メイショウシロガネ,牡5,54.0,01009,柴田大知,2:11.9,131.9,2.1/2,0.5,3.0,2.0,3,4,39.1,192.3,16.0,472.0,22.0,01083,松永昌博,松本好雄,,92.8,-4.0
202305040309,2100,ダート,雨,不良,14:35,昇仙峡特別(2勝),,,,,,東京,3,4,,16,2023-10-09,13.0,3,6,2019100736,マイネルオーサム,牡4,55.0,01091,丹内祐次,2:12.1,132.1,1.1/4,0.25,8.0,9.0,11,11,38.4,64.2,11.0,474.0,0.0,01088,高木登,サラブレッドクラブ・ラフィアン,,93.7,2.0
202305040309,2100,ダート,雨,不良,14:35,昇仙峡特別(2勝),,,,,,東京,3,4,,16,2023-10-09,14.0,6,11,2020102181,コロンビアテソーロ,牝3,53.0,01197,佐々木大,2:12.3,132.3,1,0.2,13.0,13.0,14,15,38.1,9.9,5.0,454.0,4.0,01127,栗田徹,了徳寺健二ホールディングス,,94.2,9.0
202305040309,2100,ダート,雨,不良,14:35,昇仙峡特別(2勝),,,,,,東京,3,4,,16,2023-10-09,15.0,1,1,2016104677,イシュタルゲート,牡7,55.0,01178,斎藤新,2:12.4,132.4,1/2,0.1,5.0,5.0,7,8,39.1,97.9,12.0,518.0,4.0,01181,茶木太樹,吉田勝己,,93.3,3.0
202305040309,2100,ダート,雨,不良,14:35,昇仙峡特別(2勝),,,,,,東京,3,4,,16,2023-10-09,16.0,2,4,2018102394,ロイヤルダンス,牡5,55.0,01162,木幡巧也,2:13.6,133.6,7,1.4,1.0,1.0,1,2,41.1,57.5,10.0,512.0,6.0,01080,清水英克,大脇佑樹,,92.5,6.0
202305040310,2400,芝,雨,重,15:10,六社ステークス(3勝),,,,,,東京,3,4,,14,2023-10-09,1.0,6,9,2018104609,チャックネイト,セ5,58.0,01122,三浦皇成,2:24.0,144.0,,,7.0,7.0,7,7,35.2,8.5,3.0,482.0,2.0,01070,堀宣行,金子真人ホールディングス,1870.1,108.8,-2.0
202305040310,2400,芝,雨,重,15:10,六社ステークス(3勝),,,,,,東京,3,4,,14,2023-10-09,2.0,4,5,2019104828,キングズパレス,牡4,58.0,01085,松岡正海,2:24.0,144.0,クビ,0.05,12.0,12.0,12,12,34.5,4.6,2.0,498.0,0.0,01054,戸田博文,社台レースホース,748.6,109.5,0.0
202305040310,2400,芝,雨,重,15:10,六社ステークス(3勝),,,,,,東京,3,4,,14,2023-10-09,3.0,3,4,2019103888,エンドウノハナ,牡4,58.0,05386,戸崎圭太,2:24.0,144.0,アタマ,0.04,11.0,11.0,11,11,34.7,10.3,4.0,476.0,10.0,01184,四位洋文,瀬谷隆雄,464.3,109.3,-1.0
202305040310,2400,芝,雨,重,15:10,六社ステークス(3勝),,,,,,東京,3,4,,14,2023-10-09,4.0,2,2,2019105312,ワープスピード,牡4,58.0,01096,大野拓弥,2:24.1,144.1,1/2,0.1,9.0,9.0,9,9,35.2,11.3,5.0,502.0,0.0,01088,高木登,山田弘,280.0,108.9,-1.0
202305040310,2400,芝,雨,重,15:10,六社ステークス(3勝),,,,,,東京,3,4,,14,2023-10-09,5.0,5,7,2018105162,レッドヴェロシティ,牡5,58.0,01043,北村宏司,2:24.9,144.9,5,1.0,7.0,7.0,7,5,36.2,20.0,7.0,536.0,2.0,01126,木村哲也,東京ホースレーシング,184.0,108.7,-2.0
202305040310,2400,芝,雨,重,15:10,六社ステークス(3勝),,,,,,東京,3,4,,14,2023-10-09,6.0,6,10,2019104091,メイショウブレゲ,牡4,58.0,00660,横山典弘,2:25.0,145.0,クビ,0.05,14.0,14.0,14,14,34.5,22.5,9.0,472.0,10.0,01099,本田優,松本好雄,,110.5,-3.0
202305040310,2400,芝,雨,重,15:10,六社ステークス(3勝),,,,,,東京,3,4,,14,2023-10-09,7.0,7,12,2018102172,マイネルマーティン,牡5,58.0,01091,丹内祐次,2:25.4,145.4,2.1/2,0.5,9.0,9.0,9,9,36.4,250.5,14.0,510.0,10.0,01115,菊沢隆徳,サラブレッドクラブ・ラフィアン,,109.0,-7.0
202305040310,2400,芝,雨,重,15:10,六社ステークス(3勝),,,,,,東京,3,4,,14,2023-10-09,8.0,4,6,2019104658,ボーンディスウェイ,牡4,58.0,01162,木幡巧也,2:25.4,145.4,ハナ,0.02,5.0,4.0,4,7,36.6,21.8,8.0,490.0,4.0,01106,牧光二,平田修,,108.8,0.0
202305040310,2400,芝,雨,重,15:10,六社ステークス(3勝),,,,,,東京,3,4,,14,2023-10-09,9.0,8,14,2019104572,タイムオブフライト,牡4,58.0,01092,津村明秀,2:25.6,145.6,1.1/2,0.3,13.0,13.0,13,13,35.5,51.1,12.0,442.0,10.0,01183,辻野泰之,Ｇ１レーシング,,110.1,-3.0
202305040310,2400,芝,雨,重,15:10,六社ステークス(3勝),,,,,,東京,3,4,,14,2023-10-09,10.0,1,1,2016104656,ヒシゲッコウ,セ7,58.0,01157,鮫島克駿,2:25.8,145.8,3/4,0.15,5.0,4.0,4,5,37.1,48.2,11.0,476.0,16.0,01070,堀宣行,阿部雅英,,108.7,-1.0
202305040310,2400,芝,雨,重,15:10,六社ステークス(3勝),,,,,,東京,3,4,,14,2023-10-09,11.0,3,3,2019104762,ポッドボレット,牡4,58.0,01127,丸山元気,2:25.8,145.8,アタマ,0.04,2.0,2.0,2,2,37.4,44.3,10.0,512.0,-14.0,01183,辻野泰之,小川眞査雄,,108.4,1.0
202305040310,2400,芝,雨,重,15:10,六社ステークス(3勝),,,,,,東京,3,4,,14,2023-10-09,12.0,7,11,2018101660,ワイドエンペラー,牡5,58.0,00422,内田博幸,2:25.8,145.8,アタマ,0.04,4.0,4.0,4,3,37.2,19.7,6.0,510.0,10.0,01062,藤岡健一,幅田昌伸,,108.6,6.0
202305040310,2400,芝,雨,重,15:10,六社ステークス(3勝),,,,,,東京,3,4,,14,2023-10-09,13.0,8,13,2017100316,サペラヴィ,牡6,58.0,01150,石川裕紀,2:26.9,146.9,7,1.4,1.0,1.0,1,1,38.5,52.1,13.0,486.0,26.0,00437,南田美知,伊達敏明,,108.4,0.0
202305040310,2400,芝,雨,重,15:10,六社ステークス(3勝),,,,,,東京,3,4,,14,2023-10-09,14.0,5,8,2020103417,ダノンザタイガー,牡3,55.0,05339,ルメール,2:27.4,147.4,3,0.6,2.0,3.0,3,3,38.9,2.1,1.0,506.0,4.0,00399,国枝栄,ダノックス,,108.5,13.0
202305040311,1600,ダート,小雨,不良,15:45,グリーンチャンネルC(L),,,,,,東京,3,4,,16,2023-10-09,1.0,5,9,2020102904,オメガギネス,牡3,55.0,05386,戸崎圭太,1:34.3,94.3,,,3.0,2.0,,,35.2,4.8,2.0,494.0,0.0,01124,大和田成,原禮子,2434.3,59.1,-1.0
202305040311,1600,ダート,小雨,不良,15:45,グリーンチャンネルC(L),,,,,,東京,3,4,,16,2023-10-09,2.0,3,6,2017101380,ベルダーイメル,牡6,60.0,00641,柴田善臣,1:34.9,94.9,3.1/2,0.7,4.0,4.0,,,35.6,80.1,12.0,456.0,-6.0,01099,本田優,ケーエスＨＤ,969.8,59.3,-10.0
202305040311,1600,ダート,小雨,不良,15:45,グリーンチャンネルC(L),,,,,,東京,3,4,,16,2023-10-09,3.0,3,5,2020101874,ペリエール,牡3,56.0,05339,ルメール,1:35.0,95.0,クビ,0.05,2.0,2.0,,,35.9,1.8,1.0,474.0,2.0,01133,黒岩陽一,長谷川祐司,604.9,59.1,2.0
202305040311,1600,ダート,小雨,不良,15:45,グリーンチャンネルC(L),,,,,,東京,3,4,,16,2023-10-09,4.0,4,7,2016100617,スマッシングハーツ,牡7,58.0,01092,津村明秀,1:35.1,95.1,1/2,0.1,8.0,9.0,,,35.5,22.8,6.0,510.0,0.0,01172,新谷功一,前田幸治,360.0,59.6,-2.0
202305040311,1600,ダート,小雨,不良,15:45,グリーンチャンネルC(L),,,,,,東京,3,4,,16,2023-10-09,5.0,1,1,2018101739,ケイアイシェルビー,牡5,57.0,01138,藤懸貴志,1:35.3,95.3,1.1/2,0.3,1.0,1.0,,,36.4,20.5,5.0,470.0,-2.0,01082,平田修,亀田和弘,240.0,58.9,0.0
202305040311,1600,ダート,小雨,不良,15:45,グリーンチャンネルC(L),,,,,,東京,3,4,,16,2023-10-09,6.0,7,13,2019102437,ヴァルツァーシャル,牡4,57.0,01096,大野拓弥,1:35.3,95.3,アタマ,0.04,12.0,13.0,,,35.5,37.2,8.0,494.0,0.0,01088,高木登,ウエスト．フォレスト．ステイブル,,59.8,-2.0
202305040311,1600,ダート,小雨,不良,15:45,グリーンチャンネルC(L),,,,,,東京,3,4,,16,2023-10-09,7.0,7,14,2018104919,フォーヴィスム,牡5,57.0,00422,内田博幸,1:35.3,95.3,ハナ,0.02,6.0,6.0,,,35.9,63.1,10.0,522.0,2.0,01145,奥村武,キャロットファーム,,59.4,-3.0
202305040311,1600,ダート,小雨,不良,15:45,グリーンチャンネルC(L),,,,,,東京,3,4,,16,2023-10-09,8.0,4,8,2019103593,ハセドン,牡4,58.0,00660,横山典弘,1:35.7,95.7,2,0.4,16.0,13.0,,,35.8,11.3,4.0,474.0,-4.0,01164,安田翔伍,三木正浩,,59.9,4.0
202305040311,1600,ダート,小雨,不良,15:45,グリーンチャンネルC(L),,,,,,東京,3,4,,16,2023-10-09,9.0,2,4,2019105913,ライラボンド,牡4,57.0,01205,小林勝太,1:35.7,95.7,クビ,0.05,12.0,11.0,,,36.0,86.1,13.0,524.0,10.0,01008,杉浦宏昭,ＹＧＧホースクラブ,,59.7,-4.0
202305040311,1600,ダート,小雨,不良,15:45,グリーンチャンネルC(L),,,,,,東京,3,4,,16,2023-10-09,10.0,8,15,2018104059,ブラックアーメット,牡5,58.0,01182,泉谷楓真,1:35.9,95.9,1.1/4,0.25,12.0,13.0,,,36.1,52.9,9.0,510.0,0.0,01121,角田晃一,窪田芳郎,,59.8,1.0
202305040311,1600,ダート,小雨,不良,15:45,グリーンチャンネルC(L),,,,,,東京,3,4,,16,2023-10-09,11.0,8,16,2019104537,カラフルキューブ,牝4,55.0,01178,斎藤新,1:36.0,96.0,クビ,0.05,11.0,11.0,,,36.3,77.6,11.0,490.0,2.0,01117,高野友和,Ｇ１レーシング,,59.7,0.0
202305040311,1600,ダート,小雨,不良,15:45,グリーンチャンネルC(L),,,,,,東京,3,4,,16,2023-10-09,12.0,1,2,2016101093,ダンツキャッスル,牡7,58.0,01091,丹内祐次,1:36.0,96.0,クビ,0.05,8.0,6.0,,,36.5,114.7,14.0,492.0,0.0,00431,谷潔,山元哲二,,59.5,-2.0
202305040311,1600,ダート,小雨,不良,15:45,グリーンチャンネルC(L),,,,,,東京,3,4,,16,2023-10-09,13.0,6,11,2018105452,ルコルセール,牡5,58.0,01157,鮫島克駿,1:36.2,96.2,3/4,0.15,8.0,9.0,,,36.6,5.8,3.0,520.0,2.0,01070,堀宣行,Ｇ１レーシング,,59.6,10.0
202305040311,1600,ダート,小雨,不良,15:45,グリーンチャンネルC(L),,,,,,東京,3,4,,16,2023-10-09,14.0,6,12,2018105215,イクスプロージョン,牡5,58.0,01197,佐々木大,1:36.6,96.6,2.1/2,0.5,12.0,13.0,,,36.7,36.2,7.0,476.0,2.0,01157,杉山晴紀,近藤英子,,59.9,7.0
202305040311,1600,ダート,小雨,不良,15:45,グリーンチャンネルC(L),,,,,,東京,3,4,,16,2023-10-09,15.0,2,3,2017105789,メイショウダジン,牡6,58.0,01009,柴田大知,1:37.1,97.1,3,0.6,4.0,4.0,,,37.9,122.8,15.0,480.0,0.0,01083,松永昌博,松本好雄,,59.2,0.0
202305040311,1600,ダート,小雨,不良,15:45,グリーンチャンネルC(L),,,,,,東京,3,4,,16,2023-10-09,16.0,5,10,2020104190,ゴライコウ,牡3,55.0,01085,松岡正海,1:38.4,98.4,8,1.6,6.0,6.0,,,39.0,193.7,16.0,528.0,6.0,01172,新谷功一,岡浩二,,59.4,0.0
202305040312,1300,ダート,小雨,不良,16:25,3歳以上1勝クラス,,,,,,東京,3,4,,12,2023-10-09,1.0,5,5,2020101632,ダノンミカエル,牝3,55.0,00660,横山典弘,1:17.6,77.6,,,2.0,2.0,,,35.1,2.6,1.0,416.0,-8.0,01164,安田翔伍,ダノックス,800.0,42.5,0.0
202305040312,1300,ダート,小雨,不良,16:25,3歳以上1勝クラス,,,,,,東京,3,4,,12,2023-10-09,2.0,6,8,2020105327,パイアイヤー,牝3,55.0,01170,横山武史,1:18.2,78.2,3.1/2,0.7,4.0,4.0,,,35.5,6.0,4.0,456.0,-4.0,01026,鈴木伸尋,ウエスト．フォレスト．ステイブル,320.0,42.7,-2.0
202305040312,1300,ダート,小雨,不良,16:25,3歳以上1勝クラス,,,,,,東京,3,4,,12,2023-10-09,3.0,8,12,2020104132,スーパーリベロ,セ3,56.0,01188,永野猛蔵,1:18.3,78.3,1/2,0.1,1.0,1.0,,,36.2,6.6,5.0,464.0,0.0,01023,伊藤圭三,星野隆男,200.0,42.1,-2.0
202305040312,1300,ダート,小雨,不良,16:25,3歳以上1勝クラス,,,,,,東京,3,4,,12,2023-10-09,4.0,7,9,2020103622,フェブルウス,牡3,56.0,01192,横山琉人,1:18.3,78.3,クビ,0.05,9.0,8.0,,,35.1,62.1,9.0,458.0,-4.0,00423,上原博之,Ｇ１レーシング,120.0,43.2,-5.0
202305040312,1300,ダート,小雨,不良,16:25,3歳以上1勝クラス,,,,,,東京,3,4,,12,2023-10-09,5.0,7,10,2018105647,トーセンニック,牡5,58.0,01140,横山和生,1:18.6,78.6,1.3/4,0.35,7.0,5.0,,,35.7,5.6,3.0,464.0,4.0,01027,田村康仁,島川隆哉,80.0,42.9,2.0
202305040312,1300,ダート,小雨,不良,16:25,3歳以上1勝クラス,,,,,,東京,3,4,,12,2023-10-09,6.0,3,3,2020101387,キングダラス,牡3,57.0,05386,戸崎圭太,1:18.6,78.6,アタマ,0.04,6.0,5.0,,,35.7,3.5,2.0,482.0,-4.0,01027,田村康仁,ＨｉｍＲｏｃｋＲａｃｉｎｇホールディングス,,42.9,4.0
202305040312,1300,ダート,小雨,不良,16:25,3歳以上1勝クラス,,,,,,東京,3,4,,12,2023-10-09,7.0,4,4,2020106497,ワンオアエイト,牝3,55.0,01108,的場勇人,1:18.7,78.7,クビ,0.05,2.0,2.0,,,36.2,294.2,12.0,448.0,14.0,01063,的場均,村岡曉憲,,42.5,-5.0
202305040312,1300,ダート,小雨,不良,16:25,3歳以上1勝クラス,,,,,,東京,3,4,,12,2023-10-09,8.0,8,11,2018100577,カズオ,牡5,58.0,00422,内田博幸,1:18.8,78.8,1/2,0.1,5.0,5.0,,,35.9,31.8,6.0,502.0,0.0,01089,武市康男,國分純,,42.9,2.0
202305040312,1300,ダート,小雨,不良,16:25,3歳以上1勝クラス,,,,,,東京,3,4,,12,2023-10-09,9.0,5,6,2017104773,オルガンザ,牡6,55.0,01205,小林勝太,1:19.0,79.0,1.1/4,0.25,11.0,11.0,,,35.5,212.7,11.0,538.0,18.0,01189,堀内岳志,鈴木史郎,,43.5,-2.0
202305040312,1300,ダート,小雨,不良,16:25,3歳以上1勝クラス,,,,,,東京,3,4,,12,2023-10-09,10.0,1,1,2018105065,ハクビ,牝5,55.0,01197,佐々木大,1:19.8,79.8,5,1.0,7.0,8.0,,,36.6,61.1,8.0,498.0,-5.0,00417,土田稔,谷口祐人,,43.2,2.0
202305040312,1300,ダート,小雨,不良,16:25,3歳以上1勝クラス,,,,,,東京,3,4,,12,2023-10-09,11.0,6,7,2020102156,サノノウォーリア,牡3,57.0,01150,石川裕紀,1:20.0,80.0,1.1/4,0.25,9.0,8.0,,,36.8,44.2,7.0,488.0,4.0,01141,尾形和幸,佐野信幸,,43.2,4.0
202305040312,1300,ダート,小雨,不良,16:25,3歳以上1勝クラス,,,,,,東京,3,4,,12,2023-10-09,12.0,2,2,2019102159,イチゴキネンビ,牡4,57.0,01184,原優介,1:21.4,81.4,9,1.8,12.0,12.0,,,37.4,133.2,10.0,468.0,9.0,01005,小桧山悟,ノルディック,,44.0,2.0
202308020301,1400,芝,曇,重,09:50,2歳未勝利,,,,,,京都,3,2,未勝利,12,2023-10-09,1.0,2,2,2021106815,マイネルティグレ,牡2,56.0,01018,和田竜二,1:22.6,82.6,,,3.0,3.0,,,36.4,11.7,5.0,476.0,0.0,01028,西園正都,サラブレッドクラブ・ラフィアン,550.0,46.2,-4.0
202308020301,1400,芝,曇,重,09:50,2歳未勝利,,,,,,京都,3,2,未勝利,12,2023-10-09,2.0,7,10,2021103171,タイキヴァンクール,牡2,56.0,01075,田辺裕信,1:22.8,82.8,1.1/4,0.25,7.0,9.0,,,36.2,18.2,8.0,512.0,18.0,01069,中尾秀正,大樹ファーム,220.0,46.6,-6.0
202308020301,1400,芝,曇,重,09:50,2歳未勝利,,,,,,京都,3,2,未勝利,12,2023-10-09,3.0,5,6,2021103493,イリスアスール,牝2,54.0,01199,角田大河,1:22.8,82.8,ハナ,0.02,2.0,2.0,,,36.8,5.3,3.0,454.0,-8.0,01121,角田晃一,ノルマンディーサラブレッドレーシング,140.0,46.0,0.0
202308020301,1400,芝,曇,重,09:50,2歳未勝利,,,,,,京都,3,2,未勝利,12,2023-10-09,4.0,4,4,2021105972,ポマール,牝2,55.0,01171,西村淳也,1:22.9,82.9,クビ,0.05,9.0,7.0,,,36.4,10.9,4.0,448.0,10.0,01194,小栗実,雅苑興業,83.0,46.5,0.0
202308020301,1400,芝,曇,重,09:50,2歳未勝利,,,,,,京都,3,2,未勝利,12,2023-10-09,5.0,7,9,2021105098,ディーエストッキー,牡2,56.0,01126,松山弘平,1:22.9,82.9,アタマ,0.04,3.0,5.0,,,36.6,2.9,1.0,458.0,10.0,01154,橋口慎介,石橋充教,55.0,46.3,4.0
202308020301,1400,芝,曇,重,09:50,2歳未勝利,,,,,,京都,3,2,未勝利,12,2023-10-09,6.0,3,3,2021105714,キアロヴェローチェ,牡2,56.0,01115,浜中俊,1:22.9,82.9,クビ,0.05,1.0,1.0,,,37.0,17.9,7.0,466.0,-2.0,01160,武幸四郎,大野照旺,,45.9,-1.0
202308020301,1400,芝,曇,重,09:50,2歳未勝利,,,,,,京都,3,2,未勝利,12,2023-10-09,7.0,1,1,2021105447,ピストンボーイ,牡2,56.0,05212,Ｍ．デム,1:23.1,83.1,1.1/4,0.25,3.0,3.0,,,36.9,12.9,6.0,504.0,6.0,01144,池添学,スリーエイチレーシング,,46.2,1.0
202308020301,1400,芝,曇,重,09:50,2歳未勝利,,,,,,京都,3,2,未勝利,12,2023-10-09,8.0,6,7,2021100967,ピースラピッド,牡2,53.0,01208,田口貫太,1:23.2,83.2,クビ,0.05,9.0,10.0,,,36.5,31.0,9.0,474.0,2.0,01091,羽月友彦,中平和宏,,46.7,-1.0
202308020301,1400,芝,曇,重,09:50,2歳未勝利,,,,,,京都,3,2,未勝利,12,2023-10-09,9.0,8,12,2021106683,ジーティームテキ,牡2,56.0,01179,菅原明良,1:23.3,83.3,3/4,0.15,9.0,10.0,,,36.6,174.4,12.0,434.0,8.0,01148,西村真幸,田畑利彦,,46.7,-3.0
202308020301,1400,芝,曇,重,09:50,2歳未勝利,,,,,,京都,3,2,未勝利,12,2023-10-09,10.0,6,8,2021110137,ピカリ,牝2,55.0,01088,川田将雅,1:24.2,84.2,5,1.0,3.0,5.0,,,38.0,4.0,2.0,486.0,10.0,00427,森秀行,藤田晋,,46.2,8.0
202308020301,1400,芝,曇,重,09:50,2歳未勝利,,,,,,京都,3,2,未勝利,12,2023-10-09,11.0,5,5,2021103505,ウエストチェリー,牝2,54.0,01185,小沢大仁,1:24.3,84.3,1/2,0.1,7.0,7.0,,,37.9,127.8,10.0,462.0,-4.0,01083,松永昌博,岡田牧雄,,46.4,1.0
202308020301,1400,芝,曇,重,09:50,2歳未勝利,,,,,,京都,3,2,未勝利,12,2023-10-09,12.0,8,11,2021101753,ジャコムスビ,牡2,56.0,01062,川島信二,1:25.6,85.6,8,1.6,12.0,12.0,,,38.4,166.7,11.0,474.0,26.0,01095,荒川義之,晴間芳次,,47.2,1.0
202308020302,1200,ダート,曇,重,10:20,2歳未勝利,,,,,,京都,3,2,未勝利,10,2023-10-09,1.0,7,8,2021110056,エコロガイア,牡2,56.0,01088,川田将雅,1:12.6,72.6,,,4.0,2.0,,,36.8,2.1,1.0,462.0,4.0,00427,森秀行,原村正紀,550.0,35.8,0.0
202308020302,1200,ダート,曇,重,10:20,2歳未勝利,,,,,,京都,3,2,未勝利,10,2023-10-09,2.0,4,4,2021101470,リリーエクスプレス,牡2,56.0,01124,国分恭介,1:13.9,73.9,8,1.6,6.0,5.0,,,37.6,256.2,9.0,544.0,-6.0,01181,茶木太樹,土井孝夫,220.0,36.3,-7.0
202308020302,1200,ダート,曇,重,10:20,2歳未勝利,,,,,,京都,3,2,未勝利,10,2023-10-09,3.0,8,10,2021103602,プリンセスカレン,牝2,52.0,01208,田口貫太,1:14.2,74.2,1.1/2,0.3,2.0,4.0,,,38.6,7.5,3.0,422.0,4.0,01065,大橋勇樹,村上稔,140.0,35.6,0.0
202308020302,1200,ダート,曇,重,10:20,2歳未勝利,,,,,,京都,3,2,未勝利,10,2023-10-09,4.0,5,5,2021110138,グランエシェゾー,牝2,55.0,05212,Ｍ．デム,1:14.4,74.4,1.1/4,0.25,7.0,7.0,,,37.8,13.6,6.0,482.0,-4.0,01172,新谷功一,雅苑興業,83.0,36.6,-2.0
202308020302,1200,ダート,曇,重,10:20,2歳未勝利,,,,,,京都,3,2,未勝利,10,2023-10-09,5.0,3,3,2021100086,シリウス,牡2,56.0,01018,和田竜二,1:14.4,74.4,ハナ,0.02,2.0,2.0,,,38.8,4.1,2.0,450.0,6.0,01166,石坂公一,石川達絵,55.0,35.6,3.0
202308020302,1200,ダート,曇,重,10:20,2歳未勝利,,,,,,京都,3,2,未勝利,10,2023-10-09,6.0,1,1,2021106305,ランウインディ,牝2,55.0,01128,川須栄彦,1:14.9,74.9,3,0.6,1.0,1.0,,,39.5,14.2,7.0,446.0,2.0,01069,中尾秀正,ＧＥＴＮＥＸＴ,,35.4,-1.0
202308020302,1200,ダート,曇,重,10:20,2歳未勝利,,,,,,京都,3,2,未勝利,10,2023-10-09,7.0,2,2,2021105840,メネラオス,牡2,56.0,01126,松山弘平,1:15.2,75.2,2,0.4,4.0,5.0,,,39.4,12.8,5.0,542.0,2.0,01146,奥村豊,永山芳大,,35.8,2.0
202308020302,1200,ダート,曇,重,10:20,2歳未勝利,,,,,,京都,3,2,未勝利,10,2023-10-09,8.0,8,9,2021107055,コパノアマンダ,牝2,51.0,01204,河原田菜,1:15.7,75.7,3,0.6,10.0,10.0,,,38.2,136.4,8.0,448.0,10.0,01107,村山明,小林祥晃,,37.5,0.0
202308020302,1200,ダート,曇,重,10:20,2歳未勝利,,,,,,京都,3,2,未勝利,10,2023-10-09,9.0,7,7,2021101237,シャカシャカシー,牡2,56.0,01171,西村淳也,1:15.7,75.7,アタマ,0.04,9.0,9.0,,,38.5,9.4,4.0,510.0,6.0,01181,茶木太樹,水谷美穂,,37.2,5.0
202308020302,1200,ダート,曇,重,10:20,2歳未勝利,,,,,,京都,3,2,未勝利,10,2023-10-09,10.0,6,6,2021105018,プレパラシオン,牝2,55.0,01116,藤岡康太,1:16.8,76.8,7,1.4,8.0,8.0,,,40.1,267.5,10.0,454.0,0.0,01178,杉山佳明,亀岡和彦,,36.7,0.0
202308020303,,,曇,重,10:50,2歳未勝利,,,,,,京都,3,2,未勝利,9,2023-10-09,1.0,6,6,2021101216,ストラクチャー,牡2,56.0,01015,古川吉洋,1:48.7,108.7,,,7.0,7.0,,,35.9,23.5,6.0,446.0,2.0,01138,浜田多実,山内晃,550.0,72.8,-5.0
202308020303,,,曇,重,10:50,2歳未勝利,,,,,,京都,3,2,未勝利,9,2023-10-09,2.0,2,2,2021100173,ロードバルベーラ,牡2,56.0,01128,川須栄彦,1:48.8,108.8,アタマ,0.04,3.0,3.0,,,36.5,6.1,5.0,452.0,-10.0,01146,奥村豊,ロードホースクラブ,220.0,72.3,-3.0
202308020303,,,曇,重,10:50,2歳未勝利,,,,,,京都,3,2,未勝利,9,2023-10-09,3.0,7,7,2021105141,パシフィックハイ,牝2,55.0,01126,松山弘平,1:48.9,108.9,1/2,0.1,2.0,2.0,,,36.7,3.5,1.0,446.0,-4.0,01178,杉山佳明,谷掛龍夫,140.0,72.2,2.0
202308020303,,,曇,重,10:50,2歳未勝利,,,,,,京都,3,2,未勝利,9,2023-10-09,4.0,5,5,2021104590,ゲインサポート,牡2,56.0,01180,団野大成,1:49.3,109.3,2.1/2,0.5,3.0,4.0,,,36.9,4.3,3.0,450.0,0.0,01151,斉藤崇史,中越達也,83.0,72.4,1.0
202308020303,,,曇,重,10:50,2歳未勝利,,,,,,京都,3,2,未勝利,9,2023-10-09,5.0,8,9,2021106093,ミヤビネルソン,牡2,55.0,01199,角田大河,1:50.1,110.1,5,1.0,6.0,4.0,,,37.5,112.2,8.0,456.0,-6.0,01104,笹田和秀,村上義勝,55.0,72.6,-3.0
202308020303,,,曇,重,10:50,2歳未勝利,,,,,,京都,3,2,未勝利,9,2023-10-09,6.0,4,4,2021105554,カールスタード,牡2,56.0,01171,西村淳也,1:50.1,110.1,クビ,0.05,3.0,4.0,,,37.6,3.6,2.0,488.0,2.0,01176,吉岡辰弥,シルクレーシング,,72.5,4.0
202308020303,,,曇,重,10:50,2歳未勝利,,,,,,京都,3,2,未勝利,9,2023-10-09,7.0,8,8,2021104175,グッドムード,牝2,52.0,01193,今村聖奈,1:51.1,111.1,6,1.2,7.0,8.0,,,38.1,78.7,7.0,426.0,4.0,01158,寺島良,飯田正剛,,73.0,0.0
202308020303,,,曇,重,10:50,2歳未勝利,,,,,,京都,3,2,未勝利,9,2023-10-09,8.0,3,3,2021102673,ダイシンアレス,牡2,56.0,05203,岩田康誠,1:51.5,111.5,2.1/2,0.5,1.0,1.0,,,39.4,6.1,4.0,470.0,6.0,01087,庄野靖志,大八木信行,,72.1,4.0
202308020303,,,曇,重,10:50,2歳未勝利,,,,,,京都,3,2,未勝利,9,2023-10-09,9.0,1,1,2021101213,マッチョマン,牡2,56.0,01154,松若風馬,1:52.4,112.4,5,1.0,9.0,9.0,,,39.2,240.5,9.0,360.0,2.0,01042,安達昭夫,ＨｉｍＲｏｃｋＲａｃｉｎｇホールディングス,,73.2,0.0
202308020304,1400,芝,曇,重,11:20,2歳新馬,,,,,,京都,3,2,新馬,17,2023-10-09,1.0,7,14,2021102461,バンドシェル,牡2,56.0,01179,菅原明良,1:22.7,82.7,,,8.0,9.0,,,35.6,14.7,4.0,458.0,0.0,01148,西村真幸,馬場幸夫,720.0,47.1,-3.0
202308020304,1400,芝,曇,重,11:20,2歳新馬,,,,,,京都,3,2,新馬,17,2023-10-09,2.0,2,3,2021101650,サリュエ,牡2,56.0,01116,藤岡康太,1:22.7,82.7,クビ,0.05,8.0,5.0,,,35.7,15.5,5.0,480.0,0.0,01098,野中賢二,ゴドルフィン,290.0,47.0,-3.0
202308020304,1400,芝,曇,重,11:20,2歳新馬,,,,,,京都,3,2,新馬,17,2023-10-09,3.0,3,6,2021107098,ラヴァンダ,牝2,55.0,01093,藤岡佑介,1:22.9,82.9,1.1/4,0.25,6.0,5.0,,,35.9,7.3,3.0,464.0,0.0,01186,中村直也,森永聡,180.0,47.0,0.0
202308020304,1400,芝,曇,重,11:20,2歳新馬,,,,,,京都,3,2,新馬,17,2023-10-09,4.0,5,10,2021106809,コスモララバイ,牝2,55.0,01018,和田竜二,1:23.0,83.0,1/2,0.1,3.0,3.0,,,36.5,32.3,11.0,412.0,0.0,01101,吉田直弘,ビッグレッドファーム,110.0,46.5,-7.0
202308020304,1400,芝,曇,重,11:20,2歳新馬,,,,,,京都,3,2,新馬,17,2023-10-09,5.0,1,1,2021104193,ウッドバイン,牝2,55.0,01075,田辺裕信,1:23.2,83.2,1.1/4,0.25,4.0,4.0,,,36.5,17.7,6.0,438.0,0.0,01072,河内洋,飛野牧場,72.0,46.7,-1.0
202308020304,1400,芝,曇,重,11:20,2歳新馬,,,,,,京都,3,2,新馬,17,2023-10-09,6.0,4,7,2021101240,ペプチドヒナタ,牡2,56.0,01168,富田暁,1:23.2,83.2,クビ,0.05,12.0,9.0,,,36.0,27.6,9.0,474.0,0.0,01161,武英智,沼川一彦,,47.2,-3.0
202308020304,1400,芝,曇,重,11:20,2歳新馬,,,,,,京都,3,2,新馬,17,2023-10-09,7.0,8,16,2021104830,グロリアラウス,牡2,56.0,01180,団野大成,1:23.4,83.4,1.1/4,0.25,2.0,2.0,,,37.2,4.1,2.0,492.0,0.0,01151,斉藤崇史,シルクレーシング,,46.2,5.0
202308020304,1400,芝,曇,重,11:20,2歳新馬,,,,,,京都,3,2,新馬,17,2023-10-09,8.0,4,8,2021100612,セロリ,牝2,55.0,01037,太宰啓介,1:23.7,83.7,2,0.4,12.0,13.0,,,36.4,31.3,10.0,458.0,0.0,01136,高橋亮,今村明浩,,47.3,-2.0
202308020304,1400,芝,曇,重,11:20,2歳新馬,,,,,,京都,3,2,新馬,17,2023-10-09,9.0,2,4,2021105862,フェリーニ,牡2,56.0,01126,松山弘平,1:23.8,83.8,1/2,0.1,8.0,9.0,,,36.6,2.7,1.0,506.0,0.0,01154,橋口慎介,ライオンレースホース,,47.2,8.0
202308020304,1400,芝,曇,重,11:20,2歳新馬,,,,,,京都,3,2,新馬,17,2023-10-09,10.0,6,11,2021105827,フェアアイル,牝2,55.0,01154,松若風馬,1:23.9,83.9,クビ,0.05,4.0,5.0,,,37.2,26.0,8.0,400.0,0.0,01002,音無秀孝,キャロットファーム,,46.7,2.0
202308020304,1400,芝,曇,重,11:20,2歳新馬,,,,,,京都,3,2,新馬,17,2023-10-09,11.0,1,2,2021103070,ヴァーニャ,牝2,55.0,05212,Ｍ．デム,1:24.1,84.1,1.1/2,0.3,15.0,15.0,,,36.1,20.7,7.0,478.0,0.0,01178,杉山佳明,中辻明,,48.0,4.0
202308020304,1400,芝,曇,重,11:20,2歳新馬,,,,,,京都,3,2,新馬,17,2023-10-09,12.0,8,15,2021102082,ルクスリーベン,牝2,54.0,01185,小沢大仁,1:24.1,84.1,ハナ,0.02,1.0,1.0,,,38.0,205.3,16.0,452.0,0.0,01083,松永昌博,ルクス,,46.1,-4.0
202308020304,1400,芝,曇,重,11:20,2歳新馬,,,,,,京都,3,2,新馬,17,2023-10-09,13.0,6,12,2021104951,モンディーン,牝2,55.0,00732,幸英明,1:24.3,84.3,1,0.2,12.0,14.0,,,36.8,49.4,12.0,410.0,0.0,01196,西園翔太,グリーンファーム,,47.5,1.0
202308020304,1400,芝,曇,重,11:20,2歳新馬,,,,,,京都,3,2,新馬,17,2023-10-09,14.0,7,13,2021102665,ワンダーエトワール,牝2,52.0,01187,永島まな,1:24.6,84.6,1.1/2,0.3,6.0,8.0,,,37.7,75.6,14.0,408.0,0.0,01085,小崎憲,山本能行,,46.9,0.0
202308020304,1400,芝,曇,重,11:20,2歳新馬,,,,,,京都,3,2,新馬,17,2023-10-09,15.0,3,5,2021101126,クリノローレライ,牝2,52.0,01208,田口貫太,1:25.1,85.1,3,0.6,8.0,9.0,,,38.0,54.0,13.0,428.0,0.0,01173,長谷川浩,栗本博晴,,47.1,2.0
202308020304,1400,芝,曇,重,11:20,2歳新馬,,,,,,京都,3,2,新馬,17,2023-10-09,16.0,8,17,2021100018,ソリューション,牡2,52.0,01204,河原田菜,1:25.7,85.7,4,0.8,17.0,17.0,,,37.1,141.1,15.0,442.0,0.0,00425,加用正,寺田寿男,,48.6,1.0
202308020304,1400,芝,曇,重,11:20,2歳新馬,,,,,,京都,3,2,新馬,17,2023-10-09,17.0,5,9,2021102816,ロングレジリエント,牡2,56.0,01142,長岡禎仁,1:26.0,86.0,2,0.4,15.0,15.0,,,37.9,208.9,17.0,420.0,0.0,01136,高橋亮,中井敏雄,,48.1,0.0
202308020305,2000,芝,曇,重,12:10,2歳新馬,,,,,,京都,3,2,新馬,10,2023-10-09,1.0,3,3,2021104846,オールナット,牡2,56.0,01102,北村友一,2:05.5,125.5,,,1.0,1.0,1,1,34.4,3.5,2.0,518.0,0.0,01117,高野友和,シルクレーシング,720.0,91.1,-1.0
202308020305,2000,芝,曇,重,12:10,2歳新馬,,,,,,京都,3,2,新馬,10,2023-10-09,2.0,8,9,2021103659,プレリュードシチー,牡2,56.0,00732,幸英明,2:05.8,125.8,2,0.4,3.0,3.0,3,3,34.5,8.7,4.0,458.0,0.0,01129,高橋義忠,友駿ホースクラブ,290.0,91.3,-2.0
202308020305,2000,芝,曇,重,12:10,2歳新馬,,,,,,京都,3,2,新馬,10,2023-10-09,3.0,6,6,2021103282,ジャスティンアース,牡2,56.0,01126,松山弘平,2:05.9,125.9,3/4,0.15,10.0,10.0,8,4,34.3,2.8,1.0,484.0,0.0,01157,杉山晴紀,三木正浩,180.0,91.6,2.0
202308020305,2000,芝,曇,重,12:10,2歳新馬,,,,,,京都,3,2,新馬,10,2023-10-09,4.0,5,5,2021103272,メイショウタバル,牡2,55.0,01199,角田大河,2:05.9,125.9,クビ,0.05,8.0,8.0,8,9,34.2,5.3,3.0,502.0,0.0,01140,石橋守,松本好雄,110.0,91.7,1.0
202308020305,2000,芝,曇,重,12:10,2歳新馬,,,,,,京都,3,2,新馬,10,2023-10-09,5.0,8,10,2021100953,ウォーターリヒト,牡2,56.0,01180,団野大成,2:06.4,126.4,3,0.6,9.0,9.0,4,4,35.0,33.6,8.0,464.0,0.0,01072,河内洋,山岡正人,72.0,91.4,-3.0
202308020305,2000,芝,曇,重,12:10,2歳新馬,,,,,,京都,3,2,新馬,10,2023-10-09,6.0,2,2,2021105047,マサハヤヴォス,牡2,56.0,01018,和田竜二,2:06.4,126.4,アタマ,0.04,6.0,6.0,8,9,34.8,22.1,7.0,456.0,0.0,01128,今野貞一,中村政夫,,91.6,-1.0
202308020305,2000,芝,曇,重,12:10,2歳新馬,,,,,,京都,3,2,新馬,10,2023-10-09,7.0,1,1,2021106628,レグロスヴァーグ,牡2,56.0,01179,菅原明良,2:06.5,126.5,3/4,0.15,3.0,3.0,4,4,35.1,47.2,9.0,498.0,0.0,01111,鈴木孝志,前田晋二,,91.4,-2.0
202308020305,2000,芝,曇,重,12:10,2歳新馬,,,,,,京都,3,2,新馬,10,2023-10-09,8.0,7,7,2021105238,アリストクラシア,牝2,55.0,01171,西村淳也,2:06.5,126.5,ハナ,0.02,6.0,6.0,4,4,35.1,11.2,5.0,470.0,0.0,01176,吉岡辰弥,社台レースホース,,91.4,3.0
202308020305,2000,芝,曇,重,12:10,2歳新馬,,,,,,京都,3,2,新馬,10,2023-10-09,9.0,7,8,2021105328,メイショウミシガン,牡2,56.0,01154,松若風馬,2:07.0,127.0,3,0.6,2.0,2.0,2,2,35.8,76.7,10.0,452.0,0.0,01046,鮫島一歩,松本好雄,,91.2,-1.0
202308020305,2000,芝,曇,重,12:10,2歳新馬,,,,,,京都,3,2,新馬,10,2023-10-09,10.0,4,4,2021101838,ダイシンカーリー,牝2,55.0,05203,岩田康誠,2:07.2,127.2,1.1/4,0.25,5.0,5.0,4,4,35.8,17.3,6.0,428.0,0.0,01101,吉田直弘,大八木信行,,91.4,4.0
202308020306,1800,ダート,曇,重,12:40,3歳以上1勝クラス,,,,,,京都,3,2,,11,2023-10-09,1.0,2,2,2020102187,スマートケープ,牝3,54.0,01126,松山弘平,1:52.9,112.9,,,1.0,1.0,1,1,38.1,2.8,1.0,496.0,8.0,01183,辻野泰之,大川徹,800.0,74.8,0.0
202308020306,1800,ダート,曇,重,12:40,3歳以上1勝クラス,,,,,,京都,3,2,,11,2023-10-09,2.0,4,4,2020107081,クリノクリスタル,牝3,51.0,01208,田口貫太,1:53.8,113.8,5,1.0,3.0,3.0,4,4,38.7,4.1,3.0,464.0,8.0,01065,大橋勇樹,栗本守,320.0,75.1,-1.0
202308020306,1800,ダート,曇,重,12:40,3歳以上1勝クラス,,,,,,京都,3,2,,11,2023-10-09,3.0,8,10,2020106209,メイショウコボケ,牝3,50.0,01204,河原田菜,1:54.1,114.1,2,0.4,2.0,2.0,2,2,39.2,3.2,2.0,490.0,0.0,01072,河内洋,松本好雄,200.0,74.9,1.0
202308020306,1800,ダート,曇,重,12:40,3歳以上1勝クラス,,,,,,京都,3,2,,11,2023-10-09,4.0,6,6,2020101077,ヤエベニシダレ,牝3,50.0,01190,古川奈穂,1:54.3,114.3,1,0.2,10.0,9.0,6,6,38.5,28.1,6.0,452.0,0.0,01084,梅田智之,ヒダカ・ブリーダーズ・ユニオン,120.0,75.8,-2.0
202308020306,1800,ダート,曇,重,12:40,3歳以上1勝クラス,,,,,,京都,3,2,,11,2023-10-09,5.0,1,1,2020109096,ライジングラパス,牝3,54.0,01124,国分恭介,1:54.4,114.4,1/2,0.1,3.0,3.0,4,2,39.3,7.0,4.0,444.0,8.0,01073,宮本博,那須野牧場,80.0,75.1,1.0
202308020306,1800,ダート,曇,重,12:40,3歳以上1勝クラス,,,,,,京都,3,2,,11,2023-10-09,6.0,5,5,2019102874,ナオミニデレデレヤ,牝4,53.0,01187,永島まな,1:55.0,115.0,3.1/2,0.7,10.0,11.0,11,9,38.3,111.3,10.0,470.0,3.0,01188,畑端省吾,塩澤正樹,,76.7,-4.0
202308020306,1800,ダート,曇,重,12:40,3歳以上1勝クラス,,,,,,京都,3,2,,11,2023-10-09,7.0,6,7,2020103599,ヴィラーゴスリーブ,牝3,51.0,01200,西塚洸二,1:55.8,115.8,5,1.0,7.0,8.0,9,11,39.3,37.8,7.0,494.0,-8.0,01055,藤原英昭,サンデーレーシング,,76.5,0.0
202308020306,1800,ダート,曇,重,12:40,3歳以上1勝クラス,,,,,,京都,3,2,,11,2023-10-09,8.0,3,3,2020100719,キャロルビアンカ,牝3,54.0,01147,城戸義政,1:56.0,116.0,1,0.2,9.0,9.0,9,10,39.5,186.5,11.0,482.0,12.0,01095,荒川義之,高昭牧場,,76.5,-3.0
202308020306,1800,ダート,曇,重,12:40,3歳以上1勝クラス,,,,,,京都,3,2,,11,2023-10-09,9.0,8,11,2020101129,レクランスリール,牝3,51.0,01193,今村聖奈,1:56.0,116.0,アタマ,0.04,7.0,7.0,6,7,40.2,55.9,9.0,458.0,-6.0,01185,小林真也,グリーンファーム,,75.8,0.0
202308020306,1800,ダート,曇,重,12:40,3歳以上1勝クラス,,,,,,京都,3,2,,11,2023-10-09,10.0,7,8,2020104772,ランスオブサターン,牝3,53.0,01199,角田大河,1:56.6,116.6,3.1/2,0.7,3.0,3.0,3,4,41.5,11.2,5.0,462.0,18.0,01099,本田優,五影隆則,,75.1,5.0
202308020306,1800,ダート,曇,重,12:40,3歳以上1勝クラス,,,,,,京都,3,2,,11,2023-10-09,11.0,7,9,2018104571,ワイドアウェイク,牝5,53.0,01195,川端海翼,1:59.0,119.0,大,5.0,6.0,6.0,6,8,43.2,50.9,8.0,510.0,8.0,00425,加用正,グリーンファーム,,75.8,3.0
202308020307,1900,ダート,曇,重,13:15,3歳以上1勝クラス,,,,,,京都,3,2,,13,2023-10-09,1.0,3,3,2020104790,エンツォウーノ,牡3,56.0,05203,岩田康誠,1:59.1,119.1,,,13.0,13.0,2,1,37.6,10.8,4.0,512.0,-4.0,01180,田中克典,廣崎智子,800.0,81.5,-3.0
202308020307,1900,ダート,曇,重,13:15,3歳以上1勝クラス,,,,,,京都,3,2,,13,2023-10-09,2.0,4,4,2020100806,ディープリボーン,牡3,56.0,01015,古川吉洋,1:59.7,119.7,3.1/2,0.7,7.0,7.0,5,5,37.8,3.8,2.0,454.0,-4.0,01184,四位洋文,深見敏男,320.0,81.9,0.0
202308020307,1900,ダート,曇,重,13:15,3歳以上1勝クラス,,,,,,京都,3,2,,13,2023-10-09,3.0,5,7,2020106936,ロードトラスト,牡3,56.0,01088,川田将雅,2:00.6,120.6,5,1.0,4.0,3.0,4,3,38.9,1.7,1.0,490.0,-6.0,01173,長谷川浩,ロードホースクラブ,200.0,81.7,2.0
202308020307,1900,ダート,曇,重,13:15,3歳以上1勝クラス,,,,,,京都,3,2,,13,2023-10-09,4.0,6,9,2020100636,ベストポイント,牡3,56.0,01154,松若風馬,2:01.1,121.1,3,0.6,6.0,6.0,6,5,39.2,9.4,3.0,500.0,0.0,01157,杉山晴紀,高田博,120.0,81.9,1.0
202308020307,1900,ダート,曇,重,13:15,3歳以上1勝クラス,,,,,,京都,3,2,,13,2023-10-09,5.0,6,8,2019105857,サーティファイド,牡4,58.0,00732,幸英明,2:01.1,121.1,ハナ,0.02,9.0,8.0,6,8,38.9,18.7,5.0,476.0,2.0,01046,鮫島一歩,安原浩司,80.0,82.2,0.0
202308020307,1900,ダート,曇,重,13:15,3歳以上1勝クラス,,,,,,京都,3,2,,13,2023-10-09,6.0,5,6,2020100472,イエスウィズキャン,牡3,53.0,01208,田口貫太,2:01.5,121.5,2.1/2,0.5,11.0,10.0,6,8,39.4,31.6,7.0,544.0,-6.0,01083,松永昌博,吉岡泰治,,82.1,-1.0
202308020307,1900,ダート,曇,重,13:15,3歳以上1勝クラス,,,,,,京都,3,2,,13,2023-10-09,7.0,8,13,2019104822,キングレガリア,セ4,57.0,01199,角田大河,2:02.2,122.2,4,0.8,5.0,5.0,6,8,40.0,51.0,9.0,534.0,-4.0,01172,新谷功一,ノルマンディーサラブレッドレーシング,,82.2,-2.0
202308020307,1900,ダート,曇,重,13:15,3歳以上1勝クラス,,,,,,京都,3,2,,13,2023-10-09,8.0,7,11,2020102959,テンカオーライ,牡3,56.0,01171,西村淳也,2:02.3,122.3,1/2,0.1,2.0,3.0,6,5,40.4,44.1,8.0,498.0,4.0,01149,松下武士,村田能光,,81.9,0.0
202308020307,1900,ダート,曇,重,13:15,3歳以上1勝クラス,,,,,,京都,3,2,,13,2023-10-09,9.0,8,12,2020103994,タマモマスラオ,牡3,55.0,01185,小沢大仁,2:03.0,123.0,4,0.8,2.0,2.0,2,2,41.7,59.7,10.0,498.0,18.0,01193,緒方努,タマモ,,81.3,-1.0
202308020307,1900,ダート,曇,重,13:15,3歳以上1勝クラス,,,,,,京都,3,2,,13,2023-10-09,10.0,1,1,2020103045,マサハヤウォルズ,牡3,53.0,01193,今村聖奈,2:03.0,123.0,ハナ,0.02,1.0,1.0,1,3,41.7,22.4,6.0,470.0,6.0,01128,今野貞一,中村政夫,,81.3,4.0
202308020307,1900,ダート,曇,重,13:15,3歳以上1勝クラス,,,,,,京都,3,2,,13,2023-10-09,11.0,4,5,2020100771,ジョータルマエ,セ3,52.0,01204,河原田菜,2:03.1,123.1,クビ,0.05,9.0,10.0,12,12,39.8,93.5,11.0,490.0,-2.0,01039,中竹和也,上田江吏子,,83.3,0.0
202308020307,1900,ダート,曇,重,13:15,3歳以上1勝クラス,,,,,,京都,3,2,,13,2023-10-09,12.0,2,2,2020101323,アットアブラスト,牡3,56.0,01124,国分恭介,2:03.2,123.2,1,0.2,7.0,8.0,12,12,39.9,164.8,13.0,466.0,0.0,01123,牧田和弥,岡田牧雄,,83.3,-1.0
202308020307,1900,ダート,曇,重,13:15,3歳以上1勝クラス,,,,,,京都,3,2,,13,2023-10-09,13.0,7,10,2019102568,マーゴットワーズ,牡4,58.0,01112,荻野琢真,2:04.4,124.4,7,1.4,11.0,10.0,11,11,41.7,102.9,12.0,472.0,-2.0,01185,小林真也,前田良平,,82.7,1.0
202308020308,1200,ダート,曇,重,13:50,3歳以上1勝クラス,,,,,,京都,3,2,,16,2023-10-09,1.0,7,14,2020104845,ギーロカスタル,牡3,57.0,01018,和田竜二,1:12.8,72.8,,,5.0,5.0,,,37.7,7.0,4.0,466.0,6.0,01111,鈴木孝志,桑畑夏美,800.0,35.1,-3.0
202308020308,1200,ダート,曇,重,13:50,3歳以上1勝クラス,,,,,,京都,3,2,,16,2023-10-09,2.0,1,2,2020103435,マヴォロンテ,牝3,55.0,00732,幸英明,1:13.0,73.0,1.1/2,0.3,2.0,1.0,,,38.2,11.4,5.0,468.0,22.0,01092,松永幹夫,桑田牧場,320.0,34.8,-3.0
202308020308,1200,ダート,曇,重,13:50,3歳以上1勝クラス,,,,,,京都,3,2,,16,2023-10-09,3.0,4,7,2020104287,サンガネーブ,牡3,57.0,01102,北村友一,1:13.0,73.0,アタマ,0.04,15.0,15.0,,,37.1,5.8,3.0,500.0,4.0,01180,田中克典,水上ふじ子,200.0,35.9,0.0
202308020308,1200,ダート,曇,重,13:50,3歳以上1勝クラス,,,,,,京都,3,2,,16,2023-10-09,4.0,8,15,2019104053,テーオートルネード,牡4,54.0,01204,河原田菜,1:13.1,73.1,1/2,0.1,14.0,14.0,,,37.2,33.4,12.0,478.0,8.0,01066,岡田稲男,小笹公也,120.0,35.9,-8.0
202308020308,1200,ダート,曇,重,13:50,3歳以上1勝クラス,,,,,,京都,3,2,,16,2023-10-09,5.0,5,9,2020105517,ヒビキ,牡3,57.0,01115,浜中俊,1:13.2,73.2,クビ,0.05,3.0,3.0,,,38.3,16.3,8.0,486.0,0.0,01183,辻野泰之,石川達絵,80.0,34.9,-3.0
202308020308,1200,ダート,曇,重,13:50,3歳以上1勝クラス,,,,,,京都,3,2,,16,2023-10-09,6.0,3,6,2020104469,ゴッドセンド,牡3,57.0,05390,吉村智洋,1:13.3,73.3,3/4,0.15,9.0,8.0,,,38.1,4.7,2.0,486.0,6.0,01138,浜田多実,カナヤマホールディングス,,35.2,4.0
202308020308,1200,ダート,曇,重,13:50,3歳以上1勝クラス,,,,,,京都,3,2,,16,2023-10-09,7.0,2,3,2019103996,タイキエクセロン,牡4,58.0,01124,国分恭介,1:13.6,73.6,1.3/4,0.35,5.0,5.0,,,38.6,13.1,6.0,502.0,0.0,01196,西園翔太,大樹ファーム,,35.0,1.0
202308020308,1200,ダート,曇,重,13:50,3歳以上1勝クラス,,,,,,京都,3,2,,16,2023-10-09,8.0,6,12,2020106458,カゲマル,牡3,54.0,01187,永島まな,1:13.6,73.6,クビ,0.05,11.0,9.0,,,37.9,3.9,1.0,516.0,14.0,01028,西園正都,中辻明,,35.7,7.0
202308020308,1200,ダート,曇,重,13:50,3歳以上1勝クラス,,,,,,京都,3,2,,16,2023-10-09,9.0,6,11,2019103556,サクハル,牡4,58.0,01142,長岡禎仁,1:13.6,73.6,ハナ,0.02,11.0,9.0,,,38.0,31.9,11.0,494.0,2.0,01128,今野貞一,落合稔,,35.6,-2.0
202308020308,1200,ダート,曇,重,13:50,3歳以上1勝クラス,,,,,,京都,3,2,,16,2023-10-09,10.0,5,10,2019100026,ベルドラゴ,牡4,55.0,01208,田口貫太,1:13.7,73.7,3/4,0.15,15.0,15.0,,,37.7,41.1,13.0,486.0,6.0,01087,庄野靖志,吉田勝利,,36.0,-3.0
202308020308,1200,ダート,曇,重,13:50,3歳以上1勝クラス,,,,,,京都,3,2,,16,2023-10-09,11.0,2,4,2020100401,テイエムルンバ,牝3,55.0,01062,川島信二,1:14.2,74.2,3,0.6,11.0,9.0,,,38.7,28.5,9.0,478.0,6.0,01188,畑端省吾,竹園正繼,,35.5,2.0
202308020308,1200,ダート,曇,重,13:50,3歳以上1勝クラス,,,,,,京都,3,2,,16,2023-10-09,12.0,4,8,2020105156,フェリ,牝3,55.0,01114,田中健,1:14.7,74.7,3,0.6,5.0,7.0,,,39.6,13.9,7.0,490.0,0.0,00429,佐々木晶,ヒダカ・ブリーダーズ・ユニオン,,35.1,5.0
202308020308,1200,ダート,曇,重,13:50,3歳以上1勝クラス,,,,,,京都,3,2,,16,2023-10-09,13.0,8,16,2019106884,ジョーフェイス,牡4,54.0,01190,古川奈穂,1:14.8,74.8,クビ,0.05,9.0,9.0,,,39.4,108.9,14.0,484.0,4.0,01085,小崎憲,ＳＴレーシング,,35.4,-1.0
202308020308,1200,ダート,曇,重,13:50,3歳以上1勝クラス,,,,,,京都,3,2,,16,2023-10-09,14.0,1,1,2018102566,インゴットバード,牡5,58.0,01171,西村淳也,1:14.8,74.8,クビ,0.05,1.0,2.0,,,40.1,154.2,16.0,496.0,10.0,01123,牧田和弥,小島吉彦,,34.7,-2.0
202308020308,1200,ダート,曇,重,13:50,3歳以上1勝クラス,,,,,,京都,3,2,,16,2023-10-09,15.0,3,5,2020107165,デアシュトゥルム,牡3,57.0,01168,富田暁,1:15.3,75.3,2.1/2,0.5,3.0,3.0,,,40.5,137.0,15.0,458.0,6.0,01101,吉田直弘,ウエスト．フォレスト．ステイブル,,34.8,0.0
202308020308,1200,ダート,曇,重,13:50,3歳以上1勝クラス,,,,,,京都,3,2,,16,2023-10-09,16.0,7,13,2020106874,グローバリスト,牡3,57.0,01179,菅原明良,1:15.4,75.4,1/2,0.1,8.0,9.0,,,40.0,31.7,10.0,500.0,0.0,01148,西村真幸,安原浩司,,35.4,6.0
202308020309,,,曇,重,14:25,りんどう賞(1勝),,,,,,京都,3,2,,10,2023-10-09,1.0,4,4,2021101523,キャプテンネキ,牝2,55.0,01126,松山弘平,1:22.9,82.9,,,2.0,2.0,,,35.5,7.7,5.0,528.0,0.0,01157,杉山晴紀,程田真司,1092.4,47.4,-4.0
202308020309,,,曇,重,14:25,りんどう賞(1勝),,,,,,京都,3,2,,10,2023-10-09,2.0,3,3,2021103975,セキトバイースト,牝2,55.0,01116,藤岡康太,1:22.9,82.9,ハナ,0.02,6.0,6.0,,,35.0,3.6,1.0,442.0,8.0,01184,四位洋文,ＴＮレーシング,436.4,47.9,1.0
202308020309,,,曇,重,14:25,りんどう賞(1勝),,,,,,京都,3,2,,10,2023-10-09,3.0,7,8,2021104897,バウンシーステップ,牝2,55.0,01171,西村淳也,1:22.9,82.9,クビ,0.05,3.0,4.0,,,35.4,7.1,4.0,460.0,4.0,01136,高橋亮,Ｇ１レーシング,273.2,47.5,-1.0
202308020309,,,曇,重,14:25,りんどう賞(1勝),,,,,,京都,3,2,,10,2023-10-09,4.0,8,9,2021105529,ルクスノア,牝2,55.0,01187,永島まな,1:23.0,83.0,クビ,0.05,6.0,2.0,,,35.6,3.8,2.0,466.0,-4.0,01082,平田修,ルクス,160.0,47.4,2.0
202308020309,,,曇,重,14:25,りんどう賞(1勝),,,,,,京都,3,2,,10,2023-10-09,5.0,2,2,2021106648,ベネメレンティ,牝2,55.0,00732,幸英明,1:23.0,83.0,クビ,0.05,1.0,1.0,,,35.7,13.0,6.0,434.0,4.0,01072,河内洋,前田幸治,107.0,47.3,-1.0
202308020309,,,曇,重,14:25,りんどう賞(1勝),,,,,,京都,3,2,,10,2023-10-09,6.0,5,5,2021102332,フェリシス,牝2,55.0,05545,山本咲希,1:23.4,83.4,2.1/2,0.5,9.0,8.0,,,35.3,231.6,10.0,448.0,-2.0,05775,石橋満,森本敏正,,48.1,-4.0
202308020309,,,曇,重,14:25,りんどう賞(1勝),,,,,,京都,3,2,,10,2023-10-09,7.0,1,1,2021105543,コートリーバウ,牝2,55.0,01032,池添謙一,1:23.6,83.6,1,0.2,3.0,4.0,,,35.9,13.2,7.0,402.0,6.0,01144,池添学,吉田勝己,,47.7,0.0
202308020309,,,曇,重,14:25,りんどう賞(1勝),,,,,,京都,3,2,,10,2023-10-09,8.0,8,10,2021103859,チークタイム,牝2,55.0,01018,和田竜二,1:24.0,84.0,2.1/2,0.5,3.0,6.0,,,36.3,54.6,8.0,450.0,6.0,01111,鈴木孝志,岡浩二,,47.7,0.0
202308020309,,,曇,重,14:25,りんどう賞(1勝),,,,,,京都,3,2,,10,2023-10-09,9.0,6,6,2021105894,レアリゼアンレーヴ,牝2,55.0,01088,川田将雅,1:24.0,84.0,アタマ,0.04,8.0,8.0,,,36.0,4.8,3.0,420.0,0.0,01105,須貝尚介,キャロットファーム,,48.0,6.0
202308020309,,,曇,重,14:25,りんどう賞(1勝),,,,,,京都,3,2,,10,2023-10-09,10.0,7,7,2021101916,ピンクレディ,牝2,55.0,05390,吉村智洋,1:25.4,85.4,9,1.8,10.0,10.0,,,36.7,167.9,9.0,466.0,-9.0,05774,保利良平,薪浦亨,,48.7,1.0
202308020310,1200,ダート,曇,重,15:01,大山崎ステークス(3勝),,,,,,京都,3,2,,13,2023-10-09,1.0,8,13,2019105859,エーティーマクフィ,牡4,58.0,01093,藤岡佑介,1:11.7,71.7,,,6.0,5.0,,,36.4,3.7,1.0,484.0,6.0,01161,武英智,岡田隆寛,1867.3,35.3,0.0
202308020310,1200,ダート,曇,重,15:01,大山崎ステークス(3勝),,,,,,京都,3,2,,13,2023-10-09,2.0,2,2,2020105622,パラシュラーマ,牡3,57.0,01088,川田将雅,1:11.7,71.7,アタマ,0.04,2.0,2.0,,,36.8,3.8,2.0,480.0,0.0,01138,浜田多実,ノースヒルズ,747.8,34.9,0.0
202308020310,1200,ダート,曇,重,15:01,大山崎ステークス(3勝),,,,,,京都,3,2,,13,2023-10-09,3.0,4,4,2020110137,エコロアイ,牝3,55.0,01179,菅原明良,1:12.0,72.0,1.3/4,0.35,1.0,1.0,,,37.3,9.1,5.0,502.0,-8.0,00427,森秀行,原村正紀,463.9,34.7,-2.0
202308020310,1200,ダート,曇,重,15:01,大山崎ステークス(3勝),,,,,,京都,3,2,,13,2023-10-09,4.0,8,12,2018101514,ラヴケリー,牝5,56.0,01116,藤岡康太,1:12.2,72.2,1.1/4,0.25,12.0,12.0,,,36.2,12.9,6.0,464.0,0.0,01159,高柳大輔,水谷昌晃,280.0,36.0,-2.0
202308020310,1200,ダート,曇,重,15:01,大山崎ステークス(3勝),,,,,,京都,3,2,,13,2023-10-09,5.0,6,8,2018103503,プラチナムレイアー,牡5,58.0,01171,西村淳也,1:12.2,72.2,クビ,0.05,9.0,10.0,,,36.7,42.8,9.0,504.0,6.0,01176,吉岡辰弥,岡田牧雄,184.0,35.5,-4.0
202308020310,1200,ダート,曇,重,15:01,大山崎ステークス(3勝),,,,,,京都,3,2,,13,2023-10-09,6.0,3,3,2018100478,ニューフロンティア,牡5,58.0,01095,吉田隼人,1:12.5,72.5,1.1/2,0.3,10.0,10.0,,,36.9,44.9,10.0,498.0,0.0,01180,田中克典,平井裕,,35.6,-4.0
202308020310,1200,ダート,曇,重,15:01,大山崎ステークス(3勝),,,,,,京都,3,2,,13,2023-10-09,7.0,5,6,2018100886,ジェットエンブレム,牡5,58.0,01032,池添謙一,1:12.8,72.8,2,0.4,4.0,5.0,,,37.7,21.0,7.0,528.0,2.0,01166,石坂公一,犬塚悠治郎,,35.1,0.0
202308020310,1200,ダート,曇,重,15:01,大山崎ステークス(3勝),,,,,,京都,3,2,,13,2023-10-09,8.0,6,9,2019104260,メイショウクリフト,牡4,58.0,01168,富田暁,1:12.8,72.8,アタマ,0.04,4.0,3.0,,,37.7,5.1,3.0,450.0,6.0,01104,笹田和秀,松本好雄,,35.1,5.0
202308020310,1200,ダート,曇,重,15:01,大山崎ステークス(3勝),,,,,,京都,3,2,,13,2023-10-09,9.0,5,7,2017110146,ジゲン,牡6,58.0,01126,松山弘平,1:13.0,73.0,3/4,0.15,10.0,9.0,,,37.3,23.3,8.0,474.0,0.0,01186,中村直也,林正道,,35.7,1.0
202308020310,1200,ダート,曇,重,15:01,大山崎ステークス(3勝),,,,,,京都,3,2,,13,2023-10-09,10.0,4,5,2020104679,コパノハンプトン,牡3,57.0,00732,幸英明,1:13.0,73.0,ハナ,0.02,6.0,7.0,,,37.7,6.0,4.0,504.0,2.0,01018,宮徹,小林祥晃,,35.3,6.0
202308020310,1200,ダート,曇,重,15:01,大山崎ステークス(3勝),,,,,,京都,3,2,,13,2023-10-09,11.0,1,1,2018102372,ランドボルケーノ,牡5,58.0,01154,松若風馬,1:13.9,73.9,5,1.0,6.0,7.0,,,38.7,78.1,12.0,494.0,10.0,01042,安達昭夫,木村昌三,,35.2,-1.0
202308020310,1200,ダート,曇,重,15:01,大山崎ステークス(3勝),,,,,,京都,3,2,,13,2023-10-09,12.0,7,10,2014110029,マラードザレコード,セ9,58.0,01141,中井裕二,1:14.1,74.1,1.1/4,0.25,2.0,3.0,,,39.2,48.1,11.0,484.0,8.0,01111,鈴木孝志,岡田牧雄,,34.9,1.0
202308020310,1200,ダート,曇,重,15:01,大山崎ステークス(3勝),,,,,,京都,3,2,,13,2023-10-09,13.0,7,11,2017103319,テンテキセンセキ,セ6,58.0,01185,小沢大仁,1:14.4,74.4,2,0.4,13.0,13.0,,,38.1,138.5,13.0,462.0,-2.0,01083,松永昌博,岡田牧雄,,36.3,0.0
202308020311,,,曇,重,15:35,第58回京都大賞典(GII),,,,,,京都,3,2,G1,14,2023-10-09,1.0,5,7,2019100109,プラダリア,牡4,57.0,01032,池添謙一,2:25.3,145.3,,,3.0,3.0,3,2,35.6,7.6,5.0,470.0,6.0,01144,池添学,名古屋友豊,6799.4,109.7,-4.0
202308020311,,,曇,重,15:35,第58回京都大賞典(GII),,,,,,京都,3,2,G1,14,2023-10-09,2.0,4,6,2016104618,ボッケリーニ,牡7,57.0,01115,浜中俊,2:25.3,145.3,クビ,0.05,5.0,5.0,5,4,35.3,5.3,3.0,470.0,4.0,01071,池江泰寿,金子真人ホールディングス,2728.4,110.0,-1.0
202308020311,,,曇,重,15:35,第58回京都大賞典(GII),,,,,,京都,3,2,G1,14,2023-10-09,3.0,3,4,2017102170,ディープボンド,牡6,57.0,01018,和田竜二,2:25.4,145.4,3/4,0.15,9.0,8.0,9,9,35.1,4.0,1.0,508.0,6.0,01058,大久保龍,前田晋二,1714.2,110.3,2.0
202308020311,,,曇,重,15:35,第58回京都大賞典(GII),,,,,,京都,3,2,G1,14,2023-10-09,4.0,5,8,2016104851,ヒンドゥタイムズ,セ7,57.0,01180,団野大成,2:25.5,145.5,クビ,0.05,7.0,8.0,9,6,35.3,51.7,9.0,472.0,16.0,01151,斉藤崇史,シルクレーシング,1000.0,110.2,-5.0
202308020311,,,曇,重,15:35,第58回京都大賞典(GII),,,,,,京都,3,2,G1,14,2023-10-09,5.0,7,12,2015101654,アフリカンゴールド,セ8,57.0,01124,国分恭介,2:25.5,145.5,クビ,0.05,1.0,1.0,1,1,36.1,58.3,10.0,476.0,4.0,01028,西園正都,ゴドルフィン,670.0,109.4,-5.0
202308020311,,,曇,重,15:35,第58回京都大賞典(GII),,,,,,京都,3,2,G1,14,2023-10-09,6.0,3,3,2016100752,マイネルウィルトス,牡7,57.0,05212,Ｍ．デム,2:25.7,145.7,1,0.2,13.0,13.0,12,12,34.9,19.4,8.0,480.0,4.0,01018,宮徹,サラブレッドクラブ・ラフィアン,,110.8,-2.0
202308020311,,,曇,重,15:35,第58回京都大賞典(GII),,,,,,京都,3,2,G1,14,2023-10-09,7.0,2,2,2017105082,ヴェラアズール,牡6,59.0,01126,松山弘平,2:25.7,145.7,クビ,0.05,12.0,12.0,11,11,35.0,8.2,6.0,526.0,6.0,01155,渡辺薫彦,キャロットファーム,,110.7,1.0
202308020311,,,曇,重,15:35,第58回京都大賞典(GII),,,,,,京都,3,2,G1,14,2023-10-09,8.0,6,9,2018100427,ビッグリボン,牝5,55.0,01171,西村淳也,2:26.2,146.2,3,0.6,5.0,5.0,5,6,36.1,15.6,7.0,504.0,4.0,01137,中内田充,石川達絵,,110.1,1.0
202308020311,,,曇,重,15:35,第58回京都大賞典(GII),,,,,,京都,3,2,G1,14,2023-10-09,9.0,6,10,2017104936,ヒートオンビート,牡6,58.0,01088,川田将雅,2:26.3,146.3,クビ,0.05,7.0,7.0,5,6,36.2,5.7,4.0,484.0,6.0,01061,友道康夫,社台レースホース,,110.1,5.0
202308020311,,,曇,重,15:35,第58回京都大賞典(GII),,,,,,京都,3,2,G1,14,2023-10-09,10.0,7,11,2017101415,ウインマイティー,牝6,55.0,01154,松若風馬,2:26.4,146.4,3/4,0.15,3.0,4.0,3,4,36.5,92.4,12.0,490.0,0.0,01028,西園正都,ウイン,,109.9,-2.0
202308020311,,,曇,重,15:35,第58回京都大賞典(GII),,,,,,京都,3,2,G1,14,2023-10-09,11.0,8,14,2017105477,アイアンバローズ,牡6,57.0,01102,北村友一,2:26.7,146.7,1.3/4,0.35,2.0,2.0,2,2,37.0,111.7,13.0,514.0,6.0,01168,上村洋行,猪熊広次,,109.7,-2.0
202308020311,,,曇,重,15:35,第58回京都大賞典(GII),,,,,,京都,3,2,G1,14,2023-10-09,12.0,4,5,2019104899,インプレス,牡4,57.0,01093,藤岡佑介,2:28.2,148.2,9,1.8,9.0,8.0,5,10,38.0,69.4,11.0,536.0,12.0,00429,佐々木晶,前田幸治,,110.2,1.0
202308020311,,,曇,重,15:35,第58回京都大賞典(GII),,,,,,京都,3,2,G1,14,2023-10-09,13.0,8,13,2015104186,ゼーゲン,セ8,57.0,01116,藤岡康太,2:28.4,148.4,1.1/2,0.3,14.0,14.0,14,13,37.3,269.4,14.0,412.0,-4.0,01070,堀宣行,Ｇ１レーシング,,111.1,-1.0
202308020311,,,曇,重,15:35,第58回京都大賞典(GII),,,,,,京都,3,2,G1,14,2023-10-09,,1,1,2019105748,ブローザホーン,牡4,57.0,01179,菅原明良,,,,,9.0,8.0,12,14,,5.0,2.0,414.0,-8.0,01010,中野栄治,岡田牧雄,,,
202308020312,1400,ダート,曇,重,16:10,3歳以上2勝クラス,,,,,,京都,3,2,,13,2023-10-09,1.0,4,5,2020103790,レディフォース,牝3,54.0,01142,長岡禎仁,1:24.7,84.7,,,1.0,1.0,,,38.5,2.7,1.0,514.0,-2.0,01178,杉山佳明,藤田好紀,1140.0,46.2,0.0
202308020312,1400,ダート,曇,重,16:10,3歳以上2勝クラス,,,,,,京都,3,2,,13,2023-10-09,2.0,8,13,2020106877,スマートアイ,牝3,51.0,01193,今村聖奈,1:24.8,84.8,アタマ,0.04,3.0,2.0,,,38.4,4.2,3.0,508.0,-2.0,01158,寺島良,大川徹,460.0,46.4,-1.0
202308020312,1400,ダート,曇,重,16:10,3歳以上2勝クラス,,,,,,京都,3,2,,13,2023-10-09,3.0,4,4,2019104952,ロープスピニング,牝4,56.0,05390,吉村智洋,1:25.1,85.1,1.3/4,0.35,3.0,4.0,,,38.8,119.5,11.0,438.0,8.0,01064,武藤善則,吉田照哉,290.0,46.3,-8.0
202308020312,1400,ダート,曇,重,16:10,3歳以上2勝クラス,,,,,,京都,3,2,,13,2023-10-09,4.0,5,6,2019105333,ヴィゴラスダンサー,牝4,56.0,01116,藤岡康太,1:25.6,85.6,3.1/2,0.7,6.0,6.0,,,39.0,10.9,5.0,446.0,-4.0,01061,友道康夫,前迫義幸,170.0,46.6,-1.0
202308020312,1400,ダート,曇,重,16:10,3歳以上2勝クラス,,,,,,京都,3,2,,13,2023-10-09,5.0,7,11,2018106529,ミセスバローズ,牝5,56.0,01154,松若風馬,1:25.8,85.8,3/4,0.15,11.0,12.0,,,38.5,7.6,4.0,430.0,-4.0,01168,上村洋行,猪熊広次,114.0,47.3,1.0
202308020312,1400,ダート,曇,重,16:10,3歳以上2勝クラス,,,,,,京都,3,2,,13,2023-10-09,6.0,8,12,2019103261,ニシノラーナ,牝4,52.0,01204,河原田菜,1:25.8,85.8,クビ,0.05,6.0,6.0,,,39.1,83.0,9.0,496.0,-4.0,01077,加藤和宏,西山茂行,,46.7,-3.0
202308020312,1400,ダート,曇,重,16:10,3歳以上2勝クラス,,,,,,京都,3,2,,13,2023-10-09,7.0,5,7,2020103367,ハンベルジャイト,牝3,54.0,01171,西村淳也,1:25.9,85.9,1/2,0.1,3.0,5.0,,,39.5,13.9,6.0,490.0,24.0,01058,大久保龍,キャロットファーム,,46.4,1.0
202308020312,1400,ダート,曇,重,16:10,3歳以上2勝クラス,,,,,,京都,3,2,,13,2023-10-09,8.0,6,8,2019105391,アレマーナ,牝4,55.0,01186,角田大和,1:26.2,86.2,1.3/4,0.35,8.0,9.0,,,39.4,58.5,8.0,500.0,10.0,01149,松下武士,キャロットファーム,,46.8,0.0
202308020312,1400,ダート,曇,重,16:10,3歳以上2勝クラス,,,,,,京都,3,2,,13,2023-10-09,9.0,2,2,2018100600,マヤローザ,牝5,53.0,01208,田口貫太,1:26.2,86.2,アタマ,0.04,13.0,13.0,,,38.7,141.2,13.0,438.0,4.0,01065,大橋勇樹,まの,,47.5,-4.0
202308020312,1400,ダート,曇,重,16:10,3歳以上2勝クラス,,,,,,京都,3,2,,13,2023-10-09,10.0,6,9,2018100008,ナサ,牝5,53.0,01187,永島まな,1:26.3,86.3,クビ,0.05,11.0,9.0,,,39.1,126.1,12.0,478.0,12.0,01041,藤沢則雄,杉浦和也,,47.2,-2.0
202308020312,1400,ダート,曇,重,16:10,3歳以上2勝クラス,,,,,,京都,3,2,,13,2023-10-09,11.0,7,10,2019104557,パンドレア,牝4,56.0,01180,団野大成,1:26.3,86.3,クビ,0.05,9.0,9.0,,,39.3,20.3,7.0,454.0,4.0,01151,斉藤崇史,シルクレーシング,,47.0,4.0
202308020312,1400,ダート,曇,重,16:10,3歳以上2勝クラス,,,,,,京都,3,2,,13,2023-10-09,12.0,3,3,2020101797,シモズル,牝3,53.0,01199,角田大河,1:26.3,86.3,アタマ,0.04,9.0,8.0,,,39.5,4.1,2.0,502.0,0.0,01140,石橋守,ゴドルフィン,,46.8,10.0
202308020312,1400,ダート,曇,重,16:10,3歳以上2勝クラス,,,,,,京都,3,2,,13,2023-10-09,13.0,1,1,2019106608,アタカンテ,牝4,53.0,01200,西塚洸二,1:27.5,87.5,7,1.4,2.0,2.0,,,41.4,99.9,10.0,494.0,2.0,01055,藤原英昭,幅田昌伸,,46.1,3.0
202335100901,1000,ダート,曇,稍重,11:45,C2,,,,,,盛岡,5,8,,12,2023-10-09,1.0,3,3,2020105592,ヤマニンソウェイル,牝3,54.0,05560,小林凌,1:01.2,61.2,,,1.0,1.0,,,37.5,2.0,1.0,417.0,-7.0,05029,伊藤和,土井久美子,35.0,23.7,0.0
202335100901,1000,ダート,曇,稍重,11:45,C2,,,,,,盛岡,5,8,,12,2023-10-09,2.0,6,8,2020102041,ラインガウディ,牡3,56.0,a01e8,坂口裕一,1:01.6,61.6,2.1/2,0.5,12.0,9.0,,,36.2,47.7,11.0,456.0,-8.0,a02e4,小林俊彦,大澤繁昌,12.3,25.4,-9.0
202335100901,1000,ダート,曇,稍重,11:45,C2,,,,,,盛岡,5,8,,12,2023-10-09,3.0,2,2,2020105912,エルメルクリオ,牝3,54.0,05462,大坪慎,1:01.6,61.6,クビ,0.05,3.0,3.0,,,37.5,25.6,9.0,414.0,7.0,05555,三野宮通,福地幸一,7.0,24.1,-6.0
202335100901,1000,ダート,曇,稍重,11:45,C2,,,,,,盛岡,5,8,,12,2023-10-09,4.0,8,11,2020104214,クリノブリーゼ,牝3,54.0,a01ef,高野誠毅,1:01.8,61.8,1,0.2,2.0,2.0,,,37.9,21.4,7.0,484.0,10.0,05585,畠山信一,前田敏文,4.6,23.9,-3.0
202335100901,1000,ダート,曇,稍重,11:45,C2,,,,,,盛岡,5,8,,12,2023-10-09,5.0,7,9,2018103487,クールシラユリ,牝5,51.0,a050e,佐々木志,1:02.1,62.1,1.1/2,0.3,10.0,11.0,,,37.0,17.1,6.0,421.0,3.0,05555,三野宮通,（株）アプエンテ,2.5,25.1,-1.0
202335100901,1000,ダート,曇,稍重,11:45,C2,,,,,,盛岡,5,8,,12,2023-10-09,6.0,5,6,2018100140,テルミー,牝5,54.0,05577,岩本怜,1:02.3,62.3,1.1/4,0.25,4.0,6.0,,,37.8,7.5,3.0,480.0,4.0,05217,佐々木由,シグラップ・マネジメ,,24.5,3.0
202335100901,1000,ダート,曇,稍重,11:45,C2,,,,,,盛岡,5,8,,12,2023-10-09,7.0,6,7,2020101180,シャイニークイーン,牝3,54.0,05490,山本政聡,1:02.3,62.3,クビ,0.05,8.0,8.0,,,37.4,26.9,10.0,481.0,12.0,05217,佐々木由,小林昌志,,24.9,-3.0
202335100901,1000,ダート,曇,稍重,11:45,C2,,,,,,盛岡,5,8,,12,2023-10-09,8.0,1,1,2019105758,ノースショアガール,牝4,54.0,05591,塚本涼人,1:02.3,62.3,ハナ,0.02,4.0,4.0,,,37.8,16.6,5.0,509.0,7.0,a0269,吉田司,山口久仁子,,24.5,3.0
202335100901,1000,ダート,曇,稍重,11:45,C2,,,,,,盛岡,5,8,,12,2023-10-09,9.0,4,4,2014100638,ドンコルネ,牡9,56.0,05571,菅原辰徳,1:02.3,62.3,ハナ,0.02,7.0,7.0,,,37.5,110.9,12.0,458.0,3.0,a028f,高橋純,西村亮二,,24.8,-3.0
202335100901,1000,ダート,曇,稍重,11:45,C2,,,,,,盛岡,5,8,,12,2023-10-09,10.0,8,12,2016104876,タイセイビルダー,牡7,56.0,05542,高松亮,1:02.4,62.4,クビ,0.05,10.0,12.0,,,37.2,23.8,8.0,502.0,5.0,05417,佐藤雅彦,相馬哲夫,,25.2,2.0
202335100901,1000,ダート,曇,稍重,11:45,C2,,,,,,盛岡,5,8,,12,2023-10-09,11.0,5,5,2020110049,デイタム,牡3,56.0,05294,村上忍,1:02.4,62.4,クビ,0.05,6.0,5.0,,,37.9,4.1,2.0,500.0,-11.0,a024c,櫻田康二,星野隆男,,24.5,9.0
202335100901,1000,ダート,曇,稍重,11:45,C2,,,,,,盛岡,5,8,,12,2023-10-09,12.0,7,10,2020101867,タイセイリリック,牝3,54.0,05119,阿部英俊,1:02.9,62.9,3,0.6,8.0,10.0,,,38.1,11.8,4.0,443.0,13.0,05417,佐藤雅彦,石川諭,,24.8,8.0
202335100902,1000,ダート,曇,稍重,12:15,花どんたく前沢牛賞(C2),,,,,,盛岡,5,8,,12,2023-10-09,1.0,6,7,2018105792,ツリガサキ,牝5,54.0,05571,菅原辰徳,1:00.8,60.8,,,2.0,2.0,,,36.5,10.6,4.0,461.0,1.0,05137,石川栄,吉田喜代司,35.0,24.3,-3.0
202335100902,1000,ダート,曇,稍重,12:15,花どんたく前沢牛賞(C2),,,,,,盛岡,5,8,,12,2023-10-09,2.0,1,1,2019105735,ラミアヴィータ,牝4,54.0,a01e8,坂口裕一,1:01.1,61.1,2,0.4,6.0,3.0,,,36.5,4.0,2.0,457.0,5.0,a02e4,小林俊彦,高橋清彦,12.3,24.6,0.0
202335100902,1000,ダート,曇,稍重,12:15,花どんたく前沢牛賞(C2),,,,,,盛岡,5,8,,12,2023-10-09,3.0,5,6,2018105445,エコロテッチャン,牝5,54.0,05463,高橋悠里,1:01.3,61.3,3/4,0.15,11.0,9.0,,,35.9,1.8,1.0,449.0,10.0,a03ff,永田幸宏,上手健太郎,7.0,25.4,2.0
202335100902,1000,ダート,曇,稍重,12:15,花どんたく前沢牛賞(C2),,,,,,盛岡,5,8,,12,2023-10-09,4.0,6,8,2019101417,ハッチャキコク,牝4,54.0,05119,阿部英俊,1:01.5,61.5,1.1/2,0.3,8.0,7.0,,,36.6,16.0,5.0,467.0,4.0,05157,及川良春,谷謙介,4.6,24.9,-1.0
202335100902,1000,ダート,曇,稍重,12:15,花どんたく前沢牛賞(C2),,,,,,盛岡,5,8,,12,2023-10-09,5.0,5,5,2018101193,ブルートブロッサム,牝5,54.0,05294,村上忍,1:01.8,61.8,1.1/2,0.3,1.0,1.0,,,37.6,5.6,3.0,514.0,18.0,05157,及川良春,岩渕哲郎,2.5,24.2,2.0
202335100902,1000,ダート,曇,稍重,12:15,花どんたく前沢牛賞(C2),,,,,,盛岡,5,8,,12,2023-10-09,6.0,2,2,2018100802,コンバットマジック,牝5,54.0,05577,岩本怜,1:02.1,62.1,1.3/4,0.35,9.0,10.0,,,36.9,90.2,11.0,454.0,7.0,05555,三野宮通,（株）アプエンテ,,25.2,-5.0
202335100902,1000,ダート,曇,稍重,12:15,花どんたく前沢牛賞(C2),,,,,,盛岡,5,8,,12,2023-10-09,7.0,8,11,2018100745,リザラクト,セ5,56.0,05183,南郷家全,1:02.2,62.2,クビ,0.05,3.0,5.0,,,37.7,57.6,10.0,453.0,-1.0,05654,櫻田浩樹,市原朗雄,,24.5,-3.0
202335100902,1000,ダート,曇,稍重,12:15,花どんたく前沢牛賞(C2),,,,,,盛岡,5,8,,12,2023-10-09,8.0,8,12,2013103532,マスオ,牡10,56.0,05560,小林凌,1:02.2,62.2,ハナ,0.02,4.0,4.0,,,37.6,20.1,6.0,430.0,2.0,a023d,佐藤祐司,北原大史,,24.6,2.0
202335100902,1000,ダート,曇,稍重,12:15,花どんたく前沢牛賞(C2),,,,,,盛岡,5,8,,12,2023-10-09,9.0,4,4,2019105962,プティアンジュ,牝4,54.0,05552,鈴木祐,1:02.3,62.3,1/2,0.1,5.0,6.0,,,37.6,49.5,8.0,396.0,-3.0,a024c,櫻田康二,高野英彦,,24.7,1.0
202335100902,1000,ダート,曇,稍重,12:15,花どんたく前沢牛賞(C2),,,,,,盛岡,5,8,,12,2023-10-09,10.0,7,10,2018104585,ヴィクトリアブーケ,牝5,51.0,a050e,佐々木志,1:02.8,62.8,3,0.6,7.0,8.0,,,38.0,42.5,7.0,397.0,3.0,05555,三野宮通,竹下佳利,,24.8,3.0
202335100902,1000,ダート,曇,稍重,12:15,花どんたく前沢牛賞(C2),,,,,,盛岡,5,8,,12,2023-10-09,11.0,3,3,2019104939,ラブレボ,牝4,54.0,05591,塚本涼人,1:02.8,62.8,ハナ,0.02,9.0,11.0,,,37.5,51.1,9.0,445.0,6.0,a0218,酒井仁,男澤喜惠子,,25.3,2.0
202335100902,1000,ダート,曇,稍重,12:15,花どんたく前沢牛賞(C2),,,,,,盛岡,5,8,,12,2023-10-09,,7,9,2018105743,トーアアネラ,牝5,54.0,05462,大坪慎,,,,,,,,,,,,,,a02a4,関本浩司,小橋亮太,,,
202335100903,1400,ダート,曇,稍重,12:45,いわてくじ山形村短角(C2),,,,,,盛岡,5,8,,10,2023-10-09,1.0,5,5,2020102558,サンタジュリア,牡3,56.0,05462,大坪慎,1:29.0,89.0,,,1.0,1.0,,,41.2,92.8,9.0,487.0,1.0,05654,櫻田浩樹,前田敏文,35.0,47.8,-8.0
202335100903,1400,ダート,曇,稍重,12:45,いわてくじ山形村短角(C2),,,,,,盛岡,5,8,,10,2023-10-09,2.0,8,10,2020105788,マイネルペルセウス,牡3,56.0,05542,高松亮,1:29.1,89.1,クビ,0.05,3.0,2.0,,,40.5,2.5,1.0,485.0,0.0,a02f4,橘友和,楊明翰,12.3,48.6,1.0
202335100903,1400,ダート,曇,稍重,12:45,いわてくじ山形村短角(C2),,,,,,盛岡,5,8,,10,2023-10-09,3.0,7,8,2020105590,ヤマニンアルマーレ,牝3,54.0,a01ef,高野誠毅,1:29.6,89.6,3,0.6,6.0,7.0,,,40.3,12.8,5.0,438.0,0.0,05029,伊藤和,土井久美子,7.0,49.3,-2.0
202335100903,1400,ダート,曇,稍重,12:45,いわてくじ山形村短角(C2),,,,,,盛岡,5,8,,10,2023-10-09,4.0,3,3,2020107052,ライヴビネガー,牡3,56.0,05294,村上忍,1:29.8,89.8,3/4,0.15,7.0,4.0,,,40.5,5.8,3.0,534.0,-4.0,05683,菅原勲,澤田孝之,4.6,49.3,1.0
202335100903,1400,ダート,曇,稍重,12:45,いわてくじ山形村短角(C2),,,,,,盛岡,5,8,,10,2023-10-09,5.0,1,1,2020105943,キッカケ,牝3,54.0,05571,菅原辰徳,1:30.0,90.0,1.1/2,0.3,5.0,6.0,,,40.8,15.1,6.0,416.0,1.0,05481,瀬戸幸一,長島利治,2.5,49.2,-1.0
202335100903,1400,ダート,曇,稍重,12:45,いわてくじ山形村短角(C2),,,,,,盛岡,5,8,,10,2023-10-09,6.0,8,9,2020105528,ヒナヒナ,牝3,54.0,a01e8,坂口裕一,1:30.0,90.0,ハナ,0.02,2.0,3.0,,,41.6,7.8,4.0,461.0,0.0,05685,板垣吉則,小林由明,,48.4,2.0
202335100903,1400,ダート,曇,稍重,12:45,いわてくじ山形村短角(C2),,,,,,盛岡,5,8,,10,2023-10-09,7.0,4,4,2020100364,コンスタンシア,牝3,54.0,05119,阿部英俊,1:30.2,90.2,1,0.2,8.0,9.0,,,40.7,38.7,8.0,438.0,-2.0,05157,及川良春,谷謙介,,49.5,-1.0
202335100903,1400,ダート,曇,稍重,12:45,いわてくじ山形村短角(C2),,,,,,盛岡,5,8,,10,2023-10-09,8.0,2,2,2020103290,オクタグラム,セ3,56.0,05552,鈴木祐,1:30.2,90.2,クビ,0.05,8.0,8.0,,,40.6,107.8,10.0,478.0,-1.0,a024c,櫻田康二,大坪邦夫,,49.6,-2.0
202335100903,1400,ダート,曇,稍重,12:45,いわてくじ山形村短角(C2),,,,,,盛岡,5,8,,10,2023-10-09,9.0,7,7,2020100212,ビッグピエンルーフ,牝3,54.0,05463,高橋悠里,1:30.5,90.5,1.1/2,0.3,10.0,10.0,,,40.2,33.4,7.0,445.0,3.0,05029,伊藤和,大屋高広,,50.3,2.0
202335100903,1400,ダート,曇,稍重,12:45,いわてくじ山形村短角(C2),,,,,,盛岡,5,8,,10,2023-10-09,10.0,6,6,2020109043,ホビイスト,牡3,56.0,05183,南郷家全,1:31.0,91.0,3,0.6,4.0,5.0,,,42.3,3.0,2.0,446.0,8.0,05654,櫻田浩樹,永田壯一,,48.7,8.0
202335100904,1400,ダート,小雨,稍重,13:20,テレトラック石鳥谷2(C2),,,,,,盛岡,5,8,,11,2023-10-09,1.0,1,1,2020106411,フェルマータ,牡3,56.0,05462,大坪慎,1:28.1,88.1,,,1.0,1.0,,,39.2,3.7,3.0,483.0,-7.0,a02f4,橘友和,星野隆男,35.0,48.9,-2.0
202335100904,1400,ダート,小雨,稍重,13:20,テレトラック石鳥谷2(C2),,,,,,盛岡,5,8,,11,2023-10-09,2.0,3,3,2020103546,クエイヴァー,牝3,54.0,05571,菅原辰徳,1:28.7,88.7,4,0.8,5.0,4.0,,,39.2,3.2,1.0,436.0,-4.0,05481,瀬戸幸一,会田裕一,12.3,49.5,1.0
202335100904,1400,ダート,小雨,稍重,13:20,テレトラック石鳥谷2(C2),,,,,,盛岡,5,8,,11,2023-10-09,3.0,6,7,2020105817,アルムダウン,牝3,51.0,a050e,佐々木志,1:29.0,89.0,2,0.4,3.0,2.0,,,39.9,7.0,4.0,373.0,-2.0,a023d,佐藤祐司,北原大史,7.0,49.1,-1.0
202335100904,1400,ダート,小雨,稍重,13:20,テレトラック石鳥谷2(C2),,,,,,盛岡,5,8,,11,2023-10-09,4.0,8,10,2020100479,マルケイレダン,牡3,56.0,a01ef,高野誠毅,1:29.2,89.2,1.1/2,0.3,9.0,6.0,,,39.3,69.0,9.0,474.0,0.0,05137,石川栄,熊谷清則,4.6,49.9,-5.0
202335100904,1400,ダート,小雨,稍重,13:20,テレトラック石鳥谷2(C2),,,,,,盛岡,5,8,,11,2023-10-09,5.0,7,9,2020106354,バンクサイド,牡3,56.0,05577,岩本怜,1:29.5,89.5,1.1/2,0.3,4.0,3.0,,,40.3,3.4,2.0,511.0,10.0,a02f4,橘友和,大田恭充,2.5,49.2,3.0
202335100904,1400,ダート,小雨,稍重,13:20,テレトラック石鳥谷2(C2),,,,,,盛岡,5,8,,11,2023-10-09,6.0,5,5,2020104064,ラストサミット,牝3,54.0,05183,南郷家全,1:29.8,89.8,2,0.4,7.0,8.0,,,40.1,43.3,8.0,418.0,9.0,05217,佐々木由,（有）武田興業,,49.7,-2.0
202335100904,1400,ダート,小雨,稍重,13:20,テレトラック石鳥谷2(C2),,,,,,盛岡,5,8,,11,2023-10-09,7.0,6,6,2020100986,メローラ,牝3,54.0,05560,小林凌,1:30.0,90.0,3/4,0.15,2.0,5.0,,,41.0,8.4,5.0,460.0,7.0,a03ff,永田幸宏,小原準一郎,,49.0,2.0
202335100904,1400,ダート,小雨,稍重,13:20,テレトラック石鳥谷2(C2),,,,,,盛岡,5,8,,11,2023-10-09,8.0,4,4,2019100705,ステルク,牡4,56.0,05542,高松亮,1:30.6,90.6,4,0.8,6.0,7.0,,,41.0,24.3,6.0,470.0,3.0,a02e4,小林俊彦,大久保和夫,,49.6,2.0
202335100904,1400,ダート,小雨,稍重,13:20,テレトラック石鳥谷2(C2),,,,,,盛岡,5,8,,11,2023-10-09,9.0,2,2,2019101916,アルバハール,牡4,56.0,05591,塚本涼人,1:30.6,90.6,アタマ,0.04,11.0,10.0,,,39.8,42.3,7.0,529.0,1.0,a02e4,小林俊彦,高橋清彦,,50.8,2.0
202335100904,1400,ダート,小雨,稍重,13:20,テレトラック石鳥谷2(C2),,,,,,盛岡,5,8,,11,2023-10-09,10.0,7,8,2020106670,ヴィクトリアスカイ,牝3,54.0,05119,阿部英俊,1:31.1,91.1,3,0.6,8.0,9.0,,,41.0,82.5,10.0,423.0,4.0,05217,佐々木由,欠畑圭一,,50.1,0.0
202335100904,1400,ダート,小雨,稍重,13:20,テレトラック石鳥谷2(C2),,,,,,盛岡,5,8,,11,2023-10-09,11.0,8,11,2020102662,サヴィトリ,牝3,54.0,05552,鈴木祐,1:32.4,92.4,8,1.6,10.0,11.0,,,42.1,90.8,11.0,533.0,-6.0,a02e2,工藤裕孝,岩渕瑞生,,50.3,0.0
202335100905,1400,ダート,小雨,稍重,13:55,いわて牛を食べて応援(C2),,,,,,盛岡,5,8,,11,2023-10-09,1.0,6,6,2018100364,ボルドーアラン,牡5,56.0,05119,阿部英俊,1:29.3,89.3,,,10.0,8.0,,,38.1,40.1,9.0,517.0,9.0,05217,佐々木由,シグラップ・マネジメ,35.0,51.2,-8.0
202335100905,1400,ダート,小雨,稍重,13:55,いわて牛を食べて応援(C2),,,,,,盛岡,5,8,,11,2023-10-09,2.0,8,10,2020109033,ストラダーレ,牡3,56.0,a01ef,高野誠毅,1:29.4,89.4,クビ,0.05,2.0,1.0,,,39.8,8.2,4.0,455.0,15.0,05762,千葉幸喜,藤元厚雄,12.3,49.6,-2.0
202335100905,1400,ダート,小雨,稍重,13:55,いわて牛を食べて応援(C2),,,,,,盛岡,5,8,,11,2023-10-09,3.0,5,5,2020104200,タナマッキー,牝3,54.0,05542,高松亮,1:29.6,89.6,1.1/4,0.25,4.0,3.0,,,39.7,5.5,3.0,448.0,3.0,05417,佐藤雅彦,田中俊彰,7.0,49.9,0.0
202335100905,1400,ダート,小雨,稍重,13:55,いわて牛を食べて応援(C2),,,,,,盛岡,5,8,,11,2023-10-09,4.0,4,4,2014106008,キセキノホシ,セ9,56.0,05462,大坪慎,1:29.7,89.7,3/4,0.15,6.0,4.0,,,39.5,16.4,6.0,483.0,-16.0,05199,佐藤敏彦,小橋亮太,4.6,50.2,-2.0
202335100905,1400,ダート,小雨,稍重,13:55,いわて牛を食べて応援(C2),,,,,,盛岡,5,8,,11,2023-10-09,5.0,2,2,2020100372,ハイネス,牝3,51.0,a050e,佐々木志,1:29.7,89.7,クビ,0.05,7.0,6.0,,,39.5,2.4,1.0,423.0,5.0,a02e4,小林俊彦,佐藤壽男,2.5,50.2,4.0
202335100905,1400,ダート,小雨,稍重,13:55,いわて牛を食べて応援(C2),,,,,,盛岡,5,8,,11,2023-10-09,6.0,3,3,2020102217,アラタマシップ,牝3,54.0,05294,村上忍,1:30.2,90.2,3,0.6,5.0,7.0,,,40.2,11.6,5.0,455.0,-1.0,05157,及川良春,谷謙介,,50.0,1.0
202335100905,1400,ダート,小雨,稍重,13:55,いわて牛を食べて応援(C2),,,,,,盛岡,5,8,,11,2023-10-09,7.0,8,11,2020106214,アセットミューズ,牝3,54.0,05577,岩本怜,1:30.6,90.6,2.1/2,0.5,3.0,5.0,,,40.8,21.2,8.0,401.0,1.0,05555,三野宮通,中澤加那子,,49.8,-1.0
202335100905,1400,ダート,小雨,稍重,13:55,いわて牛を食べて応援(C2),,,,,,盛岡,5,8,,11,2023-10-09,8.0,6,7,2018104006,シャドーボール,牡5,56.0,05560,小林凌,1:31.0,91.0,2.1/2,0.5,9.0,10.0,,,39.9,74.1,11.0,432.0,8.0,05709,千葉博次,下川欣一,,51.1,-3.0
202335100905,1400,ダート,小雨,稍重,13:55,いわて牛を食べて応援(C2),,,,,,盛岡,5,8,,11,2023-10-09,9.0,7,9,2019105961,タイセイナトゥーラ,牝4,54.0,05591,塚本涼人,1:31.2,91.2,1,0.2,8.0,9.0,,,40.9,58.3,10.0,452.0,11.0,05417,佐藤雅彦,太田浩彦,,50.3,-1.0
202335100905,1400,ダート,小雨,稍重,13:55,いわて牛を食べて応援(C2),,,,,,盛岡,5,8,,11,2023-10-09,10.0,7,8,2020106138,アークワルツ,牝3,54.0,05463,高橋悠里,1:31.5,91.5,2,0.4,1.0,2.0,,,41.9,18.9,7.0,392.0,-2.0,05720,伊藤和忍,アークフロンティア,,49.6,3.0
202335100905,1400,ダート,小雨,稍重,13:55,いわて牛を食べて応援(C2),,,,,,盛岡,5,8,,11,2023-10-09,11.0,1,1,2017102555,ツルマルオーソ,牡6,56.0,05087,関本淳,1:38.2,98.2,大,5.0,10.0,11.0,,,46.8,4.2,2.0,457.0,-3.0,05157,及川良春,谷謙介,,51.4,9.0
202335100906,1200,ダート,小雨,稍重,14:30,食べよう!いわての美(C1),,,,,,盛岡,5,8,,10,2023-10-09,1.0,8,9,2017100569,メイショウカチゴマ,牡6,56.0,a01ef,高野誠毅,1:14.5,74.5,,,3.0,2.0,,,37.8,11.0,7.0,502.0,8.0,05169,佐藤浩一,横山育生,43.0,36.7,-6.0
202335100906,1200,ダート,小雨,稍重,14:30,食べよう!いわての美(C1),,,,,,盛岡,5,8,,10,2023-10-09,2.0,1,1,2017106771,ケイリュウアサヒ,牝6,54.0,05552,鈴木祐,1:14.7,74.7,1,0.2,8.0,4.0,,,37.4,8.9,5.0,384.0,4.0,a02e2,工藤裕孝,鎌田隆哉,15.1,37.3,-3.0
202335100906,1200,ダート,小雨,稍重,14:30,食べよう!いわての美(C1),,,,,,盛岡,5,8,,10,2023-10-09,3.0,8,10,2019100143,ジャンヌノツルギ,牝4,54.0,a01e8,坂口裕一,1:14.7,74.7,クビ,0.05,2.0,1.0,,,38.1,5.8,2.0,455.0,2.0,a028f,高橋純,遠藤喜和,8.6,36.6,1.0
202335100906,1200,ダート,小雨,稍重,14:30,食べよう!いわての美(C1),,,,,,盛岡,5,8,,10,2023-10-09,4.0,2,2,2014104992,ダンストンレガーメ,牝9,54.0,05294,村上忍,1:15.2,75.2,3,0.6,6.0,5.0,,,38.0,2.4,1.0,449.0,11.0,05585,畠山信一,伊藤治子,5.6,37.2,3.0
202335100906,1200,ダート,小雨,稍重,14:30,食べよう!いわての美(C1),,,,,,盛岡,5,8,,10,2023-10-09,5.0,4,4,2019105725,リキノキセキ,牝4,54.0,05560,小林凌,1:15.6,75.6,2.1/2,0.5,4.0,6.0,,,38.7,10.8,6.0,386.0,5.0,a02e2,工藤裕孝,Ｉレーシング（株）,3.0,36.9,-1.0
202335100906,1200,ダート,小雨,稍重,14:30,食べよう!いわての美(C1),,,,,,盛岡,5,8,,10,2023-10-09,6.0,7,8,2013102729,サマニー,セ10,56.0,05463,高橋悠里,1:15.8,75.8,1,0.2,5.0,3.0,,,38.7,6.4,3.0,486.0,6.0,05720,伊藤和忍,前田敏文,,37.1,3.0
202335100906,1200,ダート,小雨,稍重,14:30,食べよう!いわての美(C1),,,,,,盛岡,5,8,,10,2023-10-09,7.0,3,3,2019101959,エムワンシゲタ,牡4,56.0,05087,関本淳,1:17.1,77.1,8,1.6,9.0,9.0,,,39.5,48.2,10.0,474.0,1.0,a01e0,晴山厚司,（株）マネジメント,,37.6,-3.0
202335100906,1200,ダート,小雨,稍重,14:30,食べよう!いわての美(C1),,,,,,盛岡,5,8,,10,2023-10-09,8.0,5,5,2019100309,ホワイトスパイダー,牝4,54.0,05571,菅原辰徳,1:17.6,77.6,3,0.6,10.0,6.0,,,40.0,32.8,9.0,420.0,2.0,05358,新田守,谷謙介,,37.6,-1.0
202335100906,1200,ダート,小雨,稍重,14:30,食べよう!いわての美(C1),,,,,,盛岡,5,8,,10,2023-10-09,9.0,7,7,2018102893,チェリーブロード,牝5,54.0,05591,塚本涼人,1:18.5,78.5,6,1.2,1.0,6.0,,,41.9,17.7,8.0,423.0,4.0,a02a4,関本浩司,小橋亮太,,36.6,1.0
202335100906,1200,ダート,小雨,稍重,14:30,食べよう!いわての美(C1),,,,,,盛岡,5,8,,10,2023-10-09,,6,6,2019106434,リュウノイアイギリ,セ4,56.0,05542,高松亮,,,,,6.0,,,,,8.2,4.0,486.0,-1.0,05417,佐藤雅彦,二口雅一,,,
202335100907,1200,ダート,曇,稍重,15:05,うまレター賞(C1),,,,,,盛岡,5,8,,10,2023-10-09,1.0,2,2,2017106481,エイシンハルニレ,牡6,56.0,05294,村上忍,1:14.4,74.4,,,8.0,5.0,,,37.9,1.7,1.0,463.0,5.0,05585,畠山信一,吉田勝利,43.0,36.5,0.0
202335100907,1200,ダート,曇,稍重,15:05,うまレター賞(C1),,,,,,盛岡,5,8,,10,2023-10-09,2.0,5,5,2017103646,ヤマジュンサルサ,牝6,54.0,05462,大坪慎,1:14.4,74.4,クビ,0.05,5.0,3.0,,,38.4,6.0,3.0,466.0,4.0,a02f4,橘友和,濱村充哉,15.1,36.0,-1.0
202335100907,1200,ダート,曇,稍重,15:05,うまレター賞(C1),,,,,,盛岡,5,8,,10,2023-10-09,3.0,6,6,2016101826,ビーコンプリート,牝7,54.0,05552,鈴木祐,1:14.8,74.8,2.1/2,0.5,5.0,4.0,,,38.7,5.5,2.0,439.0,6.0,a024c,櫻田康二,馬場祥晃,8.6,36.1,1.0
202335100907,1200,ダート,曇,稍重,15:05,うまレター賞(C1),,,,,,盛岡,5,8,,10,2023-10-09,4.0,3,3,2019104252,ジオパークルーナ,牝4,54.0,05490,山本政聡,1:15.7,75.7,6,1.2,1.0,1.0,,,40.1,15.6,5.0,446.0,-2.0,05739,斉藤雄一,小関勝紀,5.6,35.6,-1.0
202335100907,1200,ダート,曇,稍重,15:05,うまレター賞(C1),,,,,,盛岡,5,8,,10,2023-10-09,5.0,4,4,2018102316,ハッピーホリデイズ,牝5,54.0,05463,高橋悠里,1:15.9,75.9,1.1/2,0.3,2.0,2.0,,,40.2,16.6,6.0,448.0,-1.0,05217,佐々木由,須山悟至,3.0,35.7,-1.0
202335100907,1200,ダート,曇,稍重,15:05,うまレター賞(C1),,,,,,盛岡,5,8,,10,2023-10-09,6.0,8,9,2015102178,タイセイターゲット,牡8,56.0,05542,高松亮,1:16.3,76.3,2.1/2,0.5,8.0,8.0,,,39.8,27.9,9.0,493.0,8.0,05417,佐藤雅彦,（同）ＭＩＲＡＩ,,36.5,-3.0
202335100907,1200,ダート,曇,稍重,15:05,うまレター賞(C1),,,,,,盛岡,5,8,,10,2023-10-09,7.0,8,10,2017100986,マキシラリア,牝6,54.0,05571,菅原辰徳,1:16.3,76.3,クビ,0.05,5.0,9.0,,,40.0,14.2,4.0,438.0,1.0,05481,瀬戸幸一,佐々木義元,,36.3,3.0
202335100907,1200,ダート,曇,稍重,15:05,うまレター賞(C1),,,,,,盛岡,5,8,,10,2023-10-09,8.0,7,8,2019101831,エムオーリボン,牝4,54.0,a01e8,坂口裕一,1:16.4,76.4,1/2,0.1,4.0,6.0,,,40.3,24.7,7.0,483.0,4.0,05481,瀬戸幸一,Ｉレーシング（株）,,36.1,1.0
202335100907,1200,ダート,曇,稍重,15:05,うまレター賞(C1),,,,,,盛岡,5,8,,10,2023-10-09,9.0,7,7,2019103098,ビーバリスタ,牡4,56.0,05591,塚本涼人,1:17.2,77.2,5,1.0,3.0,7.0,,,41.3,25.2,8.0,510.0,28.0,a024c,櫻田康二,馬場祥晃,,35.9,1.0
202335100907,1200,ダート,曇,稍重,15:05,うまレター賞(C1),,,,,,盛岡,5,8,,10,2023-10-09,10.0,1,1,2014104233,アンジュレーヴ,牝9,54.0,05560,小林凌,1:18.3,78.3,7,1.4,10.0,10.0,,,40.7,82.7,10.0,463.0,5.0,05199,佐藤敏彦,小橋亮太,,37.6,0.0
202335100908,1400,ダート,曇,稍重,15:45,楽天ポイント貯まる使(C1),,,,,,盛岡,5,8,,11,2023-10-09,1.0,6,7,2019102706,レヴァンツォ,牝4,54.0,05490,山本政聡,1:28.0,88.0,,,9.0,6.0,,,38.1,12.2,6.0,453.0,-1.0,05365,村上実,岩渕瑞生,43.0,49.9,-5.0
202335100908,1400,ダート,曇,稍重,15:45,楽天ポイント貯まる使(C1),,,,,,盛岡,5,8,,11,2023-10-09,2.0,7,9,2020103948,ツワモノ,牡3,56.0,05552,鈴木祐,1:28.1,88.1,3/4,0.15,1.0,1.0,,,40.2,11.6,5.0,494.0,9.0,a03ff,永田幸宏,川上和彦,15.1,47.9,-3.0
202335100908,1400,ダート,曇,稍重,15:45,楽天ポイント貯まる使(C1),,,,,,盛岡,5,8,,11,2023-10-09,3.0,5,5,2020103907,アドラブリーズ,牝3,54.0,05294,村上忍,1:28.8,88.8,4,0.8,5.0,4.0,,,39.9,1.8,1.0,481.0,5.0,a024c,櫻田康二,（株）ノルマンディ,8.6,48.9,2.0
202335100908,1400,ダート,曇,稍重,15:45,楽天ポイント貯まる使(C1),,,,,,盛岡,5,8,,11,2023-10-09,4.0,8,11,2020104278,オスマン,牡3,56.0,05119,阿部英俊,1:29.1,89.1,2,0.4,2.0,2.0,,,41.0,7.4,3.0,464.0,5.0,05762,千葉幸喜,小原準一郎,5.6,48.1,1.0
202335100908,1400,ダート,曇,稍重,15:45,楽天ポイント貯まる使(C1),,,,,,盛岡,5,8,,11,2023-10-09,5.0,3,3,2014101595,フレアリングスター,牡9,56.0,05560,小林凌,1:29.2,89.2,クビ,0.05,11.0,10.0,,,39.0,66.3,10.0,477.0,6.0,a02e4,小林俊彦,小橋亮太,3.0,50.2,-5.0
202335100908,1400,ダート,曇,稍重,15:45,楽天ポイント貯まる使(C1),,,,,,盛岡,5,8,,11,2023-10-09,6.0,7,8,2020106699,ベルサーナ,牝3,54.0,05462,大坪慎,1:29.6,89.6,2.1/2,0.5,7.0,6.0,,,40.4,6.5,2.0,484.0,10.0,a02f4,橘友和,山辺浩,,49.2,4.0
202335100908,1400,ダート,曇,稍重,15:45,楽天ポイント貯まる使(C1),,,,,,盛岡,5,8,,11,2023-10-09,7.0,1,1,2019103797,リュッカクローナ,牡4,56.0,a01e8,坂口裕一,1:30.4,90.4,5,1.0,3.0,3.0,,,42.0,10.7,4.0,478.0,2.0,a028f,高橋純,岩渕道良,,48.4,3.0
202335100908,1400,ダート,曇,稍重,15:45,楽天ポイント貯まる使(C1),,,,,,盛岡,5,8,,11,2023-10-09,8.0,6,6,2017100891,ツキサエル,牡6,56.0,05571,菅原辰徳,1:30.4,90.4,クビ,0.05,10.0,8.0,,,40.4,78.0,11.0,429.0,1.0,a028f,高橋純,星野壽市,,50.0,-3.0
202335100908,1400,ダート,曇,稍重,15:45,楽天ポイント貯まる使(C1),,,,,,盛岡,5,8,,11,2023-10-09,9.0,4,4,2013103579,ゴールドジャイアン,牡10,56.0,05577,岩本怜,1:30.9,90.9,3,0.6,3.0,5.0,,,42.5,15.1,7.0,501.0,7.0,05762,千葉幸喜,熊谷貴之,,48.4,2.0
202335100908,1400,ダート,曇,稍重,15:45,楽天ポイント貯まる使(C1),,,,,,盛岡,5,8,,11,2023-10-09,10.0,2,2,2020104588,アキノカトレア,牝3,54.0,a01ef,高野誠毅,1:31.3,91.3,2.1/2,0.5,8.0,9.0,,,41.7,44.8,9.0,444.0,1.0,05481,瀬戸幸一,岩渕瑞生,,49.6,1.0
202335100908,1400,ダート,曇,稍重,15:45,楽天ポイント貯まる使(C1),,,,,,盛岡,5,8,,11,2023-10-09,11.0,8,10,2012103651,シーセクション,牡11,53.0,a050e,佐々木志,1:31.4,91.4,1/2,0.1,6.0,11.0,,,42.0,22.7,8.0,468.0,10.0,a023d,佐藤祐司,後藤順男,,49.4,3.0
202335100909,1400,ダート,曇,稍重,16:20,オッズパーク賞(C1),,,,,,盛岡,5,8,,11,2023-10-09,1.0,5,5,2020100839,エルフィンドール,牝3,54.0,05462,大坪慎,1:26.3,86.3,,,1.0,1.0,,,37.4,1.0,1.0,483.0,1.0,05199,佐藤敏彦,白井慎一,43.0,48.9,0.0
202335100909,1400,ダート,曇,稍重,16:20,オッズパーク賞(C1),,,,,,盛岡,5,8,,11,2023-10-09,2.0,4,4,2018105542,ブライテストダーク,牡5,56.0,05463,高橋悠里,1:27.9,87.9,10,2.0,4.0,3.0,,,37.5,87.0,9.0,461.0,3.0,05033,菅原右吉,後藤順男,15.1,50.4,-7.0
202335100909,1400,ダート,曇,稍重,16:20,オッズパーク賞(C1),,,,,,盛岡,5,8,,11,2023-10-09,3.0,7,8,2020105323,ペイシャキネマ,牝3,51.0,a050e,佐々木志,1:28.3,88.3,2.1/2,0.5,2.0,2.0,,,39.2,19.6,3.0,420.0,-1.0,a03ff,永田幸宏,北所拓也,8.6,49.1,0.0
202335100909,1400,ダート,曇,稍重,16:20,オッズパーク賞(C1),,,,,,盛岡,5,8,,11,2023-10-09,4.0,6,7,2018101151,エムオーアタック,牡5,56.0,05087,関本淳,1:28.5,88.5,1.1/2,0.3,5.0,4.0,,,37.8,13.8,2.0,479.0,7.0,a01e0,晴山厚司,小橋亮太,5.6,50.7,2.0
202335100909,1400,ダート,曇,稍重,16:20,オッズパーク賞(C1),,,,,,盛岡,5,8,,11,2023-10-09,5.0,2,2,2016104226,キセキノカガヤキ,牝7,54.0,a01e8,坂口裕一,1:28.8,88.8,1.3/4,0.35,9.0,6.0,,,37.5,23.5,5.0,478.0,3.0,a028f,高橋純,芦信雄,3.0,51.3,0.0
202335100909,1400,ダート,曇,稍重,16:20,オッズパーク賞(C1),,,,,,盛岡,5,8,,11,2023-10-09,6.0,8,11,2015105459,ジョリルミエール,牝8,54.0,05571,菅原辰徳,1:29.5,89.5,4,0.8,8.0,9.0,,,38.3,28.6,6.0,444.0,8.0,05739,斉藤雄一,薄井隆博,,51.2,0.0
202335100909,1400,ダート,曇,稍重,16:20,オッズパーク賞(C1),,,,,,盛岡,5,8,,11,2023-10-09,7.0,6,6,2017104283,テンカウント,牡6,56.0,05591,塚本涼人,1:29.8,89.8,1.3/4,0.35,5.0,7.0,,,39.1,58.4,7.0,512.0,5.0,05585,畠山信一,荻沼雅美,,50.7,0.0
202335100909,1400,ダート,曇,稍重,16:20,オッズパーク賞(C1),,,,,,盛岡,5,8,,11,2023-10-09,8.0,8,10,2019103849,ヒエラポリス,セ4,56.0,05490,山本政聡,1:30.0,90.0,1.1/4,0.25,9.0,10.0,,,38.6,22.0,4.0,480.0,7.0,05739,斉藤雄一,森田和豊,,51.4,4.0
202335100909,1400,ダート,曇,稍重,16:20,オッズパーク賞(C1),,,,,,盛岡,5,8,,11,2023-10-09,9.0,3,3,2020100220,マルケイヴェラ,牝3,54.0,05119,阿部英俊,1:30.5,90.5,3,0.6,7.0,8.0,,,39.5,89.6,10.0,481.0,0.0,05137,石川栄,熊谷清則,,51.0,-1.0
202335100909,1400,ダート,曇,稍重,16:20,オッズパーク賞(C1),,,,,,盛岡,5,8,,11,2023-10-09,10.0,7,9,2020105908,マオノハトホル,牝3,54.0,05552,鈴木祐,1:30.5,90.5,ハナ,0.02,3.0,5.0,,,40.7,60.4,8.0,434.0,1.0,a024c,櫻田康二,鈴木智明,,49.8,2.0
202335100909,1400,ダート,曇,稍重,16:20,オッズパーク賞(C1),,,,,,盛岡,5,8,,11,2023-10-09,,1,1,2018100100,ミドダファーレ,牡5,56.0,05577,岩本怜,,,,,,,,,,,,426.0,0.0,05199,佐藤敏彦,浅野正敏,,,
202335100910,1600,ダート,小雨,稍重,16:55,寒露特別(A),,,,,,盛岡,5,8,,8,2023-10-09,1.0,2,2,2019104287,ダブルラッキー,牡4,56.0,05119,阿部英俊,1:39.0,99.0,,,3.0,2.0,,,39.0,4.1,2.0,480.0,5.0,05683,菅原勲,小野瀬竜馬,110.0,60.0,-1.0
202335100910,1600,ダート,小雨,稍重,16:55,寒露特別(A),,,,,,盛岡,5,8,,8,2023-10-09,2.0,1,1,2019100244,ドルズプライスレス,牡4,56.0,05463,高橋悠里,1:39.2,99.2,1.1/4,0.25,1.0,1.0,,,39.9,2.3,1.0,520.0,-4.0,05720,伊藤和忍,佐々木貴将,38.5,59.3,1.0
202335100910,1600,ダート,小雨,稍重,16:55,寒露特別(A),,,,,,盛岡,5,8,,8,2023-10-09,3.0,7,7,2018104365,マイグレーション,牡5,56.0,05560,小林凌,1:39.6,99.6,2.1/2,0.5,7.0,6.0,,,38.9,28.1,8.0,517.0,-3.0,05778,飯田弘道,野村茂雄,22.0,60.7,-5.0
202335100910,1600,ダート,小雨,稍重,16:55,寒露特別(A),,,,,,盛岡,5,8,,8,2023-10-09,4.0,6,6,2015104974,ブレイニーラン,牡8,56.0,a01e8,坂口裕一,1:39.9,99.9,1.3/4,0.35,8.0,5.0,,,39.2,8.5,4.0,477.0,2.0,a02e4,小林俊彦,高橋清彦,14.3,60.7,0.0
202335100910,1600,ダート,小雨,稍重,16:55,寒露特別(A),,,,,,盛岡,5,8,,8,2023-10-09,5.0,5,5,2019105888,アップテンペスト,牝4,54.0,05542,高松亮,1:40.3,100.3,2.1/2,0.5,2.0,3.0,,,40.7,10.3,5.0,462.0,3.0,05417,佐藤雅彦,増田兼良,7.7,59.6,0.0
202335100910,1600,ダート,小雨,稍重,16:55,寒露特別(A),,,,,,盛岡,5,8,,8,2023-10-09,6.0,4,4,2018101673,ヒカルマドンナ,牝5,54.0,05294,村上忍,1:40.8,100.8,3,0.6,6.0,4.0,,,40.4,4.6,3.0,456.0,0.0,05365,村上実,高橋悦彌,,60.4,3.0
202335100910,1600,ダート,小雨,稍重,16:55,寒露特別(A),,,,,,盛岡,5,8,,8,2023-10-09,7.0,8,8,2019106998,ストロングフォース,牡4,56.0,05577,岩本怜,1:42.4,102.4,10,2.0,5.0,7.0,,,41.9,10.6,6.0,515.0,-10.0,05683,菅原勲,犬塚悠治郎,,60.5,1.0
202335100910,1600,ダート,小雨,稍重,16:55,寒露特別(A),,,,,,盛岡,5,8,,8,2023-10-09,8.0,3,3,2016105350,アヴェントゥリスト,牡7,56.0,05591,塚本涼人,1:43.1,103.1,4,0.8,4.0,8.0,,,42.6,27.3,7.0,544.0,6.0,05709,千葉博次,岩渕瑞生,,60.5,1.0
202335100911,1600,ダート,小雨,稍重,17:30,神無月特別(A),,,,,,盛岡,5,8,,9,2023-10-09,1.0,8,8,2019109038,オンラインボス,セ4,56.0,05294,村上忍,1:38.9,98.9,,,3.0,1.0,,,38.0,2.0,1.0,473.0,0.0,05365,村上実,佐藤良二,120.0,60.9,0.0
202335100911,1600,ダート,小雨,稍重,17:30,神無月特別(A),,,,,,盛岡,5,8,,9,2023-10-09,2.0,3,3,2015106513,トキノパイレーツ,牡8,56.0,05542,高松亮,1:39.5,99.5,4,0.8,4.0,3.0,,,38.4,3.4,2.0,462.0,-3.0,05762,千葉幸喜,岩城光一,42.0,61.1,0.0
202335100911,1600,ダート,小雨,稍重,17:30,神無月特別(A),,,,,,盛岡,5,8,,9,2023-10-09,3.0,6,6,2014104328,リリーモントルー,牡9,56.0,05591,塚本涼人,1:40.0,100.0,3,0.6,5.0,5.0,,,38.7,18.0,7.0,450.0,4.0,05365,村上実,岩渕瑞生,24.0,61.3,-4.0
202335100911,1600,ダート,小雨,稍重,17:30,神無月特別(A),,,,,,盛岡,5,8,,9,2023-10-09,4.0,1,1,2019101735,ローグネイション,牡4,56.0,05552,鈴木祐,1:40.4,100.4,2.1/2,0.5,5.0,4.0,,,39.2,137.8,9.0,504.0,-2.0,05739,斉藤雄一,（有）新生ファーム,15.6,61.2,-5.0
202335100911,1600,ダート,小雨,稍重,17:30,神無月特別(A),,,,,,盛岡,5,8,,9,2023-10-09,5.0,4,4,2018106236,サザンジンジャー,牡5,56.0,05119,阿部英俊,1:40.5,100.5,1/2,0.1,2.0,5.0,,,39.6,12.0,5.0,507.0,-8.0,05683,菅原勲,岡田美佐子,8.4,60.9,0.0
202335100911,1600,ダート,小雨,稍重,17:30,神無月特別(A),,,,,,盛岡,5,8,,9,2023-10-09,6.0,2,2,2019102217,ビクトリールーラー,牡4,56.0,05490,山本政聡,1:40.8,100.8,1.3/4,0.35,1.0,2.0,,,40.2,15.7,6.0,533.0,2.0,05739,斉藤雄一,会田裕一,,60.6,0.0
202335100911,1600,ダート,小雨,稍重,17:30,神無月特別(A),,,,,,盛岡,5,8,,9,2023-10-09,7.0,7,7,2017103122,ヤマニンパジャッソ,牡6,56.0,05463,高橋悠里,1:41.7,101.7,6,1.2,8.0,7.0,,,39.7,65.6,8.0,463.0,-14.0,05029,伊藤和,土井久美子,,62.0,-1.0
202335100911,1600,ダート,小雨,稍重,17:30,神無月特別(A),,,,,,盛岡,5,8,,9,2023-10-09,8.0,5,5,2017106576,ゴールドクレスト,牡6,53.0,a050e,佐々木志,1:41.8,101.8,1/2,0.1,9.0,8.0,,,39.2,12.0,4.0,477.0,-8.0,05739,斉藤雄一,薄井隆博,,62.6,4.0
202335100911,1600,ダート,小雨,稍重,17:30,神無月特別(A),,,,,,盛岡,5,8,,9,2023-10-09,9.0,8,9,2015101592,フローリン,牡8,56.0,05577,岩本怜,1:42.2,102.2,2.1/2,0.5,7.0,9.0,,,40.1,6.0,3.0,478.0,-14.0,05683,菅原勲,犬塚悠治郎,,62.1,6.0
202335100912,1600,ダート,曇,稍重,18:15,第36回マイルチャンピオンシ(JpnI),,,,,,盛岡,5,8,,14,2023-10-09,1.0,3,3,2018110015,レモンポップ,牡5,57.0,01163,坂井瑠星,1:33.8,93.8,,,1.0,1.0,,,34.7,1.5,1.0,517.0,0.0,01162,田中博康,ゴドルフィン,7000.0,59.1,0.0
202335100912,1600,ダート,曇,稍重,18:15,第36回マイルチャンピオンシ(JpnI),,,,,,盛岡,5,8,,14,2023-10-09,2.0,7,12,2018100916,イグナイター,牡5,57.0,05524,笹川翼,1:35.8,95.8,大,5.0,2.0,2.0,,,36.6,21.7,4.0,506.0,-11.0,05691,新子雅司,野田善己,2450.0,59.2,-2.0
202335100912,1600,ダート,曇,稍重,18:15,第36回マイルチャンピオンシ(JpnI),,,,,,盛岡,5,8,,14,2023-10-09,3.0,4,6,2018103774,レディバグ,牝5,55.0,01034,酒井学,1:35.9,95.9,1/2,0.1,5.0,4.0,,,35.9,83.4,7.0,466.0,1.0,01078,北出成人,ゴールドアップ・カンパニー,1400.0,60.0,-4.0
202335100912,1600,ダート,曇,稍重,18:15,第36回マイルチャンピオンシ(JpnI),,,,,,盛岡,5,8,,14,2023-10-09,4.0,1,1,2017101719,タガノビューティー,牡6,57.0,01077,石橋脩,1:36.0,96.0,3/4,0.15,10.0,10.0,,,35.3,21.7,5.0,519.0,1.0,01028,西園正都,八木良司,910.0,60.7,-1.0
202335100912,1600,ダート,曇,稍重,18:15,第36回マイルチャンピオンシ(JpnI),,,,,,盛岡,5,8,,14,2023-10-09,5.0,2,2,2017110151,カフェファラオ,牡6,57.0,05542,高松亮,1:36.0,96.0,ハナ,0.02,4.0,3.0,,,36.4,3.8,2.0,522.0,-4.0,01070,堀宣行,西川光一,490.0,59.6,3.0
202335100912,1600,ダート,曇,稍重,18:15,第36回マイルチャンピオンシ(JpnI),,,,,,盛岡,5,8,,14,2023-10-09,6.0,5,7,2019101623,ノットゥルノ,牡4,57.0,00666,武豊,1:36.1,96.1,クビ,0.05,8.0,8.0,,,35.8,26.3,6.0,538.0,9.0,01002,音無秀孝,金子真人ホールディングス,,60.3,0.0
202335100912,1600,ダート,曇,稍重,18:15,第36回マイルチャンピオンシ(JpnI),,,,,,盛岡,5,8,,14,2023-10-09,7.0,3,4,2018100444,ゴールデンヒーラー,牝5,55.0,05490,山本政聡,1:36.9,96.9,5,1.0,8.0,7.0,,,36.6,342.6,10.0,472.0,6.0,a023d,佐藤祐司,平賀敏男,,60.3,-3.0
202335100912,1600,ダート,曇,稍重,18:15,第36回マイルチャンピオンシ(JpnI),,,,,,盛岡,5,8,,14,2023-10-09,8.0,6,10,2017103165,デンコウリジエール,牡6,57.0,01019,秋山真一,1:36.9,96.9,アタマ,0.04,7.0,9.0,,,36.6,234.7,9.0,482.0,7.0,01095,荒川義之,松本好雄,,60.3,-1.0
202335100912,1600,ダート,曇,稍重,18:15,第36回マイルチャンピオンシ(JpnI),,,,,,盛岡,5,8,,14,2023-10-09,9.0,6,9,2019105056,ジオグリフ,牡4,57.0,01174,岩田望来,1:37.0,97.0,クビ,0.05,3.0,4.0,,,37.5,5.7,3.0,515.0,5.0,01126,木村哲也,（有）サンデーレー,,59.5,6.0
202335100912,1600,ダート,曇,稍重,18:15,第36回マイルチャンピオンシ(JpnI),,,,,,盛岡,5,8,,14,2023-10-09,10.0,5,8,2015100902,ソリストサンダー,牡8,57.0,05299,吉原寛人,1:37.2,97.2,1.1/2,0.3,5.0,6.0,,,37.3,91.3,8.0,480.0,-1.0,05727,福永敏,村上憲政,,59.9,2.0
202335100912,1600,ダート,曇,稍重,18:15,第36回マイルチャンピオンシ(JpnI),,,,,,盛岡,5,8,,14,2023-10-09,11.0,4,5,2018106790,ハクシンパーソナル,牡5,57.0,a01e8,坂口裕一,1:38.3,98.3,7,1.4,12.0,12.0,,,37.0,999.9,13.0,478.0,2.0,05762,千葉幸喜,新井原博,,61.3,-2.0
202335100912,1600,ダート,曇,稍重,18:15,第36回マイルチャンピオンシ(JpnI),,,,,,盛岡,5,8,,14,2023-10-09,12.0,8,13,2017103302,レールガン,牡6,57.0,05463,高橋悠里,1:38.5,98.5,1.1/4,0.25,13.0,13.0,,,36.9,910.8,12.0,460.0,-3.0,05169,佐藤浩一,Ｉレーシング（株）,,61.6,0.0
202335100912,1600,ダート,曇,稍重,18:15,第36回マイルチャンピオンシ(JpnI),,,,,,盛岡,5,8,,14,2023-10-09,13.0,7,11,2017106606,アルサトワ,牡6,57.0,05552,鈴木祐,1:39.9,99.9,9,1.8,10.0,11.0,,,39.0,818.0,11.0,508.0,13.0,a024c,櫻田康二,伊藤捷一,,60.9,2.0
202335100912,1600,ダート,曇,稍重,18:15,第36回マイルチャンピオンシ(JpnI),,,,,,盛岡,5,8,,14,2023-10-09,14.0,8,14,2018100116,ボウトロイ,牡5,57.0,05577,岩本怜,1:39.9,99.9,アタマ,0.04,14.0,14.0,,,37.9,999.9,14.0,496.0,1.0,05683,菅原勲,会田裕一,,62.0,0.0
