year,odds_range,ev_threshold,score_threshold,roi,bet_count,hit_count
2025,5-50,0.8,0.5,102.0,80,8
2025,5-50,0.8,0.6,131.0,40,4
2025,5-50,0.8,0.7,38.23529411764706,17,1
2025,5-50,1.0,0.5,102.0,80,8
2025,5-50,1.0,0.6,131.0,40,4
2025,5-50,1.0,0.7,38.23529411764706,17,1
2025,5-50,1.2,0.5,102.0,80,8
2025,5-50,1.2,0.6,131.0,40,4
2025,5-50,1.2,0.7,38.23529411764706,17,1
2025,5-50,1.5,0.5,102.0,80,8
2025,5-50,1.5,0.6,131.0,40,4
2025,5-50,1.5,0.7,38.23529411764706,17,1
2025,10-50,0.8,0.5,77.5,40,1
2025,10-50,0.8,0.6,163.1578947368421,19,1
2025,10-50,1.0,0.5,77.5,40,1
2025,10-50,1.0,0.6,163.1578947368421,19,1
2025,10-50,1.2,0.5,77.5,40,1
2025,10-50,1.2,0.6,163.1578947368421,19,1
2025,10-50,1.5,0.5,77.5,40,1
2025,10-50,1.5,0.6,163.1578947368421,19,1
2025,20-50,0.8,0.5,172.22222222222223,18,1
2025,20-50,1.0,0.5,172.22222222222223,18,1
2025,20-50,1.2,0.5,172.22222222222223,18,1
2025,20-50,1.5,0.5,172.22222222222223,18,1
2025,10-30,0.8,0.5,0.0,33,0
2025,10-30,0.8,0.6,0.0,17,0
2025,10-30,1.0,0.5,0.0,33,0
2025,10-30,1.0,0.6,0.0,17,0
2025,10-30,1.2,0.5,0.0,33,0
2025,10-30,1.2,0.6,0.0,17,0
2025,10-30,1.5,0.5,0.0,33,0
2025,10-30,1.5,0.6,0.0,17,0
2024,5-50,0.8,0.5,22.702702702702705,74,3
2024,5-50,0.8,0.6,16.96969696969697,33,1
2024,5-50,0.8,0.7,0.0,14,0
2024,5-50,1.0,0.5,22.702702702702705,74,3
2024,5-50,1.0,0.6,16.96969696969697,33,1
2024,5-50,1.0,0.7,0.0,14,0
2024,5-50,1.2,0.5,22.702702702702705,74,3
2024,5-50,1.2,0.6,16.96969696969697,33,1
2024,5-50,1.2,0.7,0.0,14,0
2024,5-50,1.5,0.5,22.702702702702705,74,3
2024,5-50,1.5,0.6,16.96969696969697,33,1
2024,5-50,1.5,0.7,0.0,14,0
2024,10-50,0.8,0.5,0.0,28,0
2024,10-50,0.8,0.6,0.0,12,0
2024,10-50,1.0,0.5,0.0,28,0
2024,10-50,1.0,0.6,0.0,12,0
2024,10-50,1.2,0.5,0.0,28,0
2024,10-50,1.2,0.6,0.0,12,0
2024,10-50,1.5,0.5,0.0,28,0
2024,10-50,1.5,0.6,0.0,12,0
2024,10-30,0.8,0.5,0.0,24,0
2024,10-30,0.8,0.6,0.0,11,0
2024,10-30,1.0,0.5,0.0,24,0
2024,10-30,1.0,0.6,0.0,11,0
2024,10-30,1.2,0.5,0.0,24,0
2024,10-30,1.2,0.6,0.0,11,0
2024,10-30,1.5,0.5,0.0,24,0
2024,10-30,1.5,0.6,0.0,11,0
2023,5-50,0.8,0.5,69.10112359550563,89,7
2023,5-50,0.8,0.6,109.34782608695653,46,5
2023,5-50,0.8,0.7,22.608695652173914,23,1
2023,5-50,1.0,0.5,69.10112359550563,89,7
2023,5-50,1.0,0.6,109.34782608695653,46,5
2023,5-50,1.0,0.7,22.608695652173914,23,1
2023,5-50,1.2,0.5,69.10112359550563,89,7
2023,5-50,1.2,0.6,109.34782608695653,46,5
2023,5-50,1.2,0.7,22.608695652173914,23,1
2023,5-50,1.5,0.5,69.10112359550563,89,7
2023,5-50,1.5,0.6,109.34782608695653,46,5
2023,5-50,1.5,0.7,22.608695652173914,23,1
2023,10-50,0.8,0.5,80.51282051282051,39,2
2023,10-50,0.8,0.6,165.26315789473685,19,2
2023,10-50,0.8,0.7,0.0,10,0
2023,10-50,1.0,0.5,80.51282051282051,39,2
2023,10-50,1.0,0.6,165.26315789473685,19,2
2023,10-50,1.0,0.7,0.0,10,0
2023,10-50,1.2,0.5,80.51282051282051,39,2
2023,10-50,1.2,0.6,165.26315789473685,19,2
2023,10-50,1.2,0.7,0.0,10,0
2023,10-50,1.5,0.5,80.51282051282051,39,2
2023,10-50,1.5,0.6,165.26315789473685,19,2
2023,10-50,1.5,0.7,0.0,10,0
2023,20-50,0.8,0.5,0.0,13,0
2023,20-50,1.0,0.5,0.0,13,0
2023,20-50,1.2,0.5,0.0,13,0
2023,20-50,1.5,0.5,0.0,13,0
2023,10-30,0.8,0.5,87.22222222222223,36,2
2023,10-30,0.8,0.6,165.26315789473685,19,2
2023,10-30,0.8,0.7,0.0,10,0
2023,10-30,1.0,0.5,87.22222222222223,36,2
2023,10-30,1.0,0.6,165.26315789473685,19,2
2023,10-30,1.0,0.7,0.0,10,0
2023,10-30,1.2,0.5,87.22222222222223,36,2
2023,10-30,1.2,0.6,165.26315789473685,19,2
2023,10-30,1.2,0.7,0.0,10,0
2023,10-30,1.5,0.5,87.22222222222223,36,2
2023,10-30,1.5,0.6,165.26315789473685,19,2
2023,10-30,1.5,0.7,0.0,10,0
2022,5-50,0.8,0.5,90.00000000000001,104,11
2022,5-50,0.8,0.6,111.49999999999997,40,5
2022,5-50,0.8,0.7,120.0,17,2
2022,5-50,1.0,0.5,90.00000000000001,104,11
2022,5-50,1.0,0.6,111.49999999999997,40,5
2022,5-50,1.0,0.7,120.0,17,2
2022,5-50,1.2,0.5,90.00000000000001,104,11
2022,5-50,1.2,0.6,111.49999999999997,40,5
2022,5-50,1.2,0.7,120.0,17,2
2022,5-50,1.5,0.5,90.00000000000001,104,11
2022,5-50,1.5,0.6,111.49999999999997,40,5
2022,5-50,1.5,0.7,120.0,17,2
2022,10-50,0.8,0.5,98.29268292682927,41,3
2022,10-50,0.8,0.6,160.0,16,2
2022,10-50,1.0,0.5,98.29268292682927,41,3
2022,10-50,1.0,0.6,160.0,16,2
2022,10-50,1.2,0.5,98.29268292682927,41,3
2022,10-50,1.2,0.6,160.0,16,2
2022,10-50,1.5,0.5,98.29268292682927,41,3
2022,10-50,1.5,0.6,160.0,16,2
2022,20-50,0.8,0.5,0.0,17,0
2022,20-50,1.0,0.5,0.0,17,0
2022,20-50,1.2,0.5,0.0,17,0
2022,20-50,1.5,0.5,0.0,17,0
2022,10-30,0.8,0.5,125.93749999999999,32,3
2022,10-30,0.8,0.6,213.33333333333334,12,2
2022,10-30,1.0,0.5,125.93749999999999,32,3
2022,10-30,1.0,0.6,213.33333333333334,12,2
2022,10-30,1.2,0.5,125.93749999999999,32,3
2022,10-30,1.2,0.6,213.33333333333334,12,2
2022,10-30,1.5,0.5,125.93749999999999,32,3
2022,10-30,1.5,0.6,213.33333333333334,12,2
2021,5-50,0.8,0.5,213.0,30,4
2021,5-50,1.0,0.5,213.0,30,4
2021,5-50,1.2,0.5,213.0,30,4
2021,5-50,1.5,0.5,213.0,30,4
2021,10-50,0.8,0.5,360.7692307692308,13,1
2021,10-50,1.0,0.5,360.7692307692308,13,1
2021,10-50,1.2,0.5,360.7692307692308,13,1
2021,10-50,1.5,0.5,360.7692307692308,13,1
2020,5-50,0.8,0.5,119.58333333333333,72,10
2020,5-50,0.8,0.6,58.4,25,2
2020,5-50,1.0,0.5,119.58333333333333,72,10
2020,5-50,1.0,0.6,58.4,25,2
2020,5-50,1.2,0.5,119.58333333333333,72,10
2020,5-50,1.2,0.6,58.4,25,2
2020,5-50,1.5,0.5,119.58333333333333,72,10
2020,5-50,1.5,0.6,58.4,25,2
2020,10-50,0.8,0.5,97.0967741935484,31,2
2020,10-50,1.0,0.5,97.0967741935484,31,2
2020,10-50,1.2,0.5,97.0967741935484,31,2
2020,10-50,1.5,0.5,97.0967741935484,31,2
2020,10-30,0.8,0.5,107.5,28,2
2020,10-30,1.0,0.5,107.5,28,2
2020,10-30,1.2,0.5,107.5,28,2
2020,10-30,1.5,0.5,107.5,28,2
