threshold,roi,hit_rate,bet_count,avg_prob,avg_odds,model,year
0.5,72.63398692810458,18.202614379084967,3060,0.29307786717771417,12.01013071895425,マーケットニュートラル,2022
0.6,71.41188959660298,16.454352441613587,2826,0.29767509742801285,12.778662420382165,マーケットニュートラル,2022
0.7,70.67835365853658,15.129573170731708,2624,0.29965214581464383,13.53574695121951,マーケットニュートラル,2022
0.7999999999999999,70.36651395251978,14.077467721782591,2401,0.30150104209204526,14.500333194502291,マーケットニュートラル,2022
0.8999999999999999,69.15454545454546,12.590909090909092,2200,0.3021271020065967,15.499909090909092,マーケットニュートラル,2022
0.9999999999999999,67.29249011857708,11.264822134387352,2024,0.3024679575803907,16.514723320158105,マーケットニュートラル,2022
1.0999999999999999,66.92266666666667,10.56,1875,0.3032129410220042,17.49232,マーケットニュートラル,2022
1.1999999999999997,66.90239625949738,9.701928696668615,1711,0.3022566737286426,18.760666277030975,マーケットニュートラル,2022
1.2999999999999998,66.20428751576293,8.953341740226985,1586,0.30128169875071686,19.878310214375787,マーケットニュートラル,2022
1.4,65.95858383433534,8.550434201736808,1497,0.30196124107303945,20.742551770207083,マーケットニュートラル,2022
1.4999999999999998,65.49062049062049,8.152958152958153,1386,0.30008782913199733,21.98932178932179,マーケットニュートラル,2022
1.5999999999999996,64.06055900621118,7.608695652173914,1288,0.2993178468309101,23.22274844720497,マーケットニュートラル,2022
1.6999999999999997,65.01248959200666,7.327227310574521,1201,0.2981090841025753,24.459450457951707,マーケットニュートラル,2022
1.7999999999999998,64.26548672566372,6.814159292035399,1130,0.29655156862296217,25.587699115044245,マーケットニュートラル,2022
1.8999999999999997,63.656927426955704,6.4090480678605095,1061,0.2958882372597064,26.79679547596607,マーケットニュートラル,2022
1.9999999999999996,62.17347956131605,6.181455633100698,1003,0.29407911976928663,27.942372881355933,マーケットニュートラル,2022
2.0999999999999996,60.729386892177594,5.708245243128964,946,0.29166797598910227,29.192071881606765,マーケットニュートラル,2022
2.1999999999999997,59.273743016759774,5.4748603351955305,895,0.2896857931435641,30.429608938547485,マーケットニュートラル,2022
2.3,57.49707602339181,5.029239766081871,855,0.2881600362278618,31.48795321637427,マーケットニュートラル,2022
2.3999999999999995,57.26600985221675,4.80295566502463,812,0.2859891355567786,32.73251231527094,マーケットニュートラル,2022
2.4999999999999996,51.877394636015325,4.342273307790549,783,0.2866140585944275,33.53295019157088,マーケットニュートラル,2022
2.5999999999999996,52.486631016042786,4.27807486631016,748,0.2860537235414246,34.629812834224595,マーケットニュートラル,2022
2.6999999999999993,50.46218487394958,3.9215686274509802,714,0.2839808509358972,35.85560224089636,マーケットニュートラル,2022
2.7999999999999994,51.95014662756597,3.9589442815249267,682,0.28460954238202657,36.928885630498534,マーケットニュートラル,2022
2.8999999999999995,50.884146341463406,3.6585365853658534,656,0.2819030528268933,38.04253048780488,マーケットニュートラル,2022
2.9999999999999996,50.14423076923077,3.3653846153846154,624,0.28042678637958346,39.411217948717955,マーケットニュートラル,2022
3.0999999999999996,49.230769230769226,3.0100334448160537,598,0.27883794514382576,40.60802675585284,マーケットニュートラル,2022
3.1999999999999993,44.0,2.586206896551724,580,0.2781843482864615,41.44258620689655,マーケットニュートラル,2022
3.2999999999999994,41.73214285714286,2.3214285714285716,560,0.2753925817841744,42.543214285714285,マーケットニュートラル,2022
3.3999999999999995,42.88073394495412,2.385321100917431,545,0.2744804881239055,43.36220183486239,マーケットニュートラル,2022
3.499999999999999,42.141491395793494,2.294455066921606,523,0.2746883137717243,44.51816443594646,マーケットニュートラル,2022
3.599999999999999,43.30058939096267,2.357563850687623,509,0.27336865334528243,45.414341846758354,マーケットニュートラル,2022
3.6999999999999993,43.81709741550696,2.3856858846918487,503,0.27400164772938324,45.751292246520876,マーケットニュートラル,2022
3.7999999999999994,38.90946502057613,2.05761316872428,486,0.27363384595159895,46.830658436213994,マーケットニュートラル,2022
3.8999999999999995,37.71488469601677,1.8867924528301887,477,0.27317578193164566,47.44423480083858,マーケットニュートラル,2022
3.999999999999999,35.074309978768575,1.6985138004246285,471,0.27353355540055097,47.81273885350318,マーケットニュートラル,2022
0.5,77.19809825673535,19.334389857369256,3155,0.32756160048461397,13.239080824088749,マーケットニュートラル,2023
0.6,77.09231805929919,18.328840970350406,2968,0.3336960497801167,13.890869272237197,マーケットニュートラル,2023
0.7,76.9247311827957,17.598566308243726,2790,0.33825797699850507,14.589713261648747,マーケットニュートラル,2023
0.7999999999999999,78.03959627329192,16.847826086956523,2576,0.341322825088161,15.541964285714284,マーケットニュートラル,2023
0.8999999999999999,77.78977980889074,15.579559617781472,2407,0.3420758024130077,16.41566265060241,マーケットニュートラル,2023
0.9999999999999999,76.49202733485193,14.168564920273349,2195,0.3434790485556098,17.66127562642369,マーケットニュートラル,2023
1.0999999999999999,75.92391304347825,13.142292490118576,2024,0.3431537085836825,18.83631422924901,マーケットニュートラル,2023
1.1999999999999997,74.828141783029,11.761546723952739,1862,0.34228166046505454,20.123093447905475,マーケットニュートラル,2023
1.2999999999999998,74.29394812680115,11.181556195965419,1735,0.3402901389690111,21.301268011527377,マーケットニュートラル,2023
1.4,73.34570191713048,10.265924551638838,1617,0.3402279098868274,22.502844774273342,マーケットニュートラル,2023
1.4999999999999998,71.7785234899329,9.261744966442953,1490,0.33720737459075095,24.043020134228193,マーケットニュートラル,2023
1.5999999999999996,70.29538904899135,8.357348703170029,1388,0.33538196150534183,25.438400576368878,マーケットニュートラル,2023
1.6999999999999997,69.28129829984545,7.573415765069552,1294,0.33392590731263944,26.88693972179289,マーケットニュートラル,2023
1.7999999999999998,69.0204081632653,7.020408163265306,1225,0.33126015196236375,28.104816326530607,マーケットニュートラル,2023
1.8999999999999997,68.71951219512195,6.533101045296168,1148,0.32876831124683786,29.57369337979094,マーケットニュートラル,2023
1.9999999999999996,67.34246575342466,6.027397260273973,1095,0.3280840625277651,30.693059360730594,マーケットニュートラル,2023
2.0999999999999996,64.02485659655832,5.449330783938815,1046,0.32654229406577334,31.82323135755258,マーケットニュートラル,2023
2.1999999999999997,64.29141716566866,5.289421157684631,1002,0.3264819477133145,32.8935129740519,マーケットニュートラル,2023
2.3,64.02748414376322,5.07399577167019,946,0.32352780300572015,34.436257928118394,マーケットニュートラル,2023
2.3999999999999995,64.0728476821192,4.966887417218543,906,0.3223549063319086,35.576710816777044,マーケットニュートラル,2023
2.4999999999999996,63.71986222732492,4.707233065442021,871,0.3202336513597527,36.7121699196326,マーケットニュートラル,2023
2.5999999999999996,66.05515587529976,4.796163069544365,834,0.3192176955297671,37.93429256594724,マーケットニュートラル,2023
2.6999999999999993,66.61616161616162,4.545454545454546,792,0.31551388702078553,39.52588383838384,マーケットニュートラル,2023
2.7999999999999994,68.64473684210527,4.605263157894736,760,0.3142009735871465,40.806315789473686,マーケットニュートラル,2023
2.8999999999999995,69.87771739130436,4.619565217391304,736,0.31194383164843714,41.86222826086957,マーケットニュートラル,2023
2.9999999999999996,68.04809052333806,4.384724186704385,707,0.31104325156439405,43.13960396039604,マーケットニュートラル,2023
3.0999999999999996,67.27536231884058,4.202898550724638,690,0.30925502768196994,43.981159420289856,マーケットニュートラル,2023
3.1999999999999993,67.41071428571429,4.017857142857143,672,0.3079388624399054,44.881249999999994,マーケットニュートラル,2023
3.2999999999999994,68.47457627118644,4.006163328197227,649,0.3065100168839079,46.07010785824345,マーケットニュートラル,2023
3.3999999999999995,65.30448717948718,3.685897435897436,624,0.30611403178780106,47.433653846153845,マーケットニュートラル,2023
3.499999999999999,67.80366056572379,3.826955074875208,601,0.3040005034563411,48.813643926788686,マーケットニュートラル,2023
3.599999999999999,65.48885077186965,3.6020583190394513,583,0.3025508621859173,49.959691252144076,マーケットニュートラル,2023
3.6999999999999993,61.09347442680776,2.9982363315696645,567,0.30132445413130515,51.0273368606702,マーケットニュートラル,2023
3.7999999999999994,63.09653916211293,3.096539162112933,549,0.30152414604295014,52.23515482695811,マーケットニュートラル,2023
3.8999999999999995,64.38661710037175,3.1598513011152414,538,0.3001291274048846,53.06747211895911,マーケットニュートラル,2023
3.999999999999999,67.13178294573643,3.2945736434108532,516,0.2981130054313417,54.787209302325586,マーケットニュートラル,2023
0.5,77.06011960969468,20.018885741265343,3177,0.33729913168504566,13.576392823418319,マーケットニュートラル,2024
0.6,78.27677977378576,19.560878243512974,3006,0.3425327537664211,14.187391882900865,マーケットニュートラル,2024
0.7,78.56384860275911,18.6062964273081,2827,0.34574747400862027,14.913724796604173,マーケットニュートラル,2024
0.7999999999999999,76.6248097412481,17.161339421613395,2628,0.3485092387766222,15.808219178082192,マーケットニュートラル,2024
0.8999999999999999,77.5962325962326,16.216216216216218,2442,0.3490164621949963,16.77776412776413,マーケットニュートラル,2024
0.9999999999999999,77.02184574230941,14.75702184574231,2243,0.3492219578370346,17.969103878733836,マーケットニュートラル,2024
1.0999999999999999,75.97315436241612,13.758389261744966,2086,0.3494633216950823,19.045206136145733,マーケットニュートラル,2024
1.1999999999999997,76.13907628437985,12.869745718733782,1927,0.3490376753454839,20.294966268811624,マーケットニュートラル,2024
1.2999999999999998,75.56113902847571,12.004466778336125,1791,0.3477412316208209,21.51697375767727,マーケットニュートラル,2024
1.4,74.95215311004785,11.064593301435407,1672,0.34731627128449594,22.71764354066986,マーケットニュートラル,2024
1.4999999999999998,74.45292620865139,10.49618320610687,1572,0.34537578427814963,23.88594147582697,マーケットニュートラル,2024
1.5999999999999996,74.20694349897889,9.938733832539143,1469,0.34521397466699894,25.1716814159292,マーケットニュートラル,2024
1.6999999999999997,72.32916972814107,9.037472446730344,1361,0.34318807299235726,26.764070536370316,マーケットニュートラル,2024
1.7999999999999998,72.76131045241809,8.814352574102964,1282,0.3426845088059007,28.043603744149767,マーケットニュートラル,2024
1.8999999999999997,72.71004942339374,8.319604612850082,1214,0.34155548259818236,29.270098846787473,マーケットニュートラル,2024
1.9999999999999996,72.4608695652174,7.82608695652174,1150,0.3398826936835286,30.54791304347826,マーケットニュートラル,2024
2.0999999999999996,70.8265213442325,7.084468664850137,1101,0.3371181398806742,31.64187102633969,マーケットニュートラル,2024
2.1999999999999997,71.13636363636363,7.007575757575757,1056,0.3357507941077107,32.702083333333334,マーケットニュートラル,2024
2.3,68.39357429718876,6.2248995983935735,996,0.3352327251890289,34.1960843373494,マーケットニュートラル,2024
2.3999999999999995,67.8415015641293,5.943691345151199,959,0.3338500987728323,35.247862356621475,マーケットニュートラル,2024
2.4999999999999996,65.69550930996714,5.257393209200438,913,0.33167602392812723,36.62354874041621,マーケットニュートラル,2024
2.5999999999999996,64.36073059360731,4.794520547945205,876,0.3294243657744386,37.86552511415525,マーケットニュートラル,2024
2.6999999999999993,65.83732057416267,4.784688995215311,836,0.3287985070159483,39.24856459330144,マーケットニュートラル,2024
2.7999999999999994,64.99380421313506,4.584882280049566,807,0.3280511815317121,40.3453531598513,マーケットニュートラル,2024
2.8999999999999995,61.948717948717956,4.102564102564102,780,0.3275216351747041,41.39551282051281,マーケットニュートラル,2024
2.9999999999999996,61.413333333333334,3.8666666666666667,750,0.3252675338723524,42.70933333333333,マーケットニュートラル,2024
3.0999999999999996,60.9504132231405,3.581267217630854,726,0.32360951723601955,43.801515151515154,マーケットニュートラル,2024
3.1999999999999993,61.43864598025388,3.5260930888575457,709,0.32278902249691,44.58490832157969,マーケットニュートラル,2024
3.2999999999999994,63.1304347826087,3.6231884057971016,690,0.3216293445046077,45.53971014492754,マーケットニュートラル,2024
3.3999999999999995,63.313521545319475,3.566121842496285,673,0.32027753470756226,46.44502228826151,マーケットニュートラル,2024
3.499999999999999,62.37003058103975,3.3639143730886847,654,0.3186300020394002,47.48868501529052,マーケットニュートラル,2024
3.599999999999999,60.61514195583595,3.1545741324921135,634,0.3177033762223627,48.6,マーケットニュートラル,2024
3.6999999999999993,62.79411764705881,3.2679738562091507,612,0.3162939528676905,49.94199346405229,マーケットニュートラル,2024
3.7999999999999994,63.94342762063228,3.3277870216306153,601,0.3161353939753907,50.58485856905158,マーケットニュートラル,2024
3.8999999999999995,61.5042735042735,3.076923076923077,585,0.3142054734349188,51.657777777777774,マーケットニュートラル,2024
3.999999999999999,59.033391915641474,2.8119507908611596,569,0.31343326647134023,52.75799648506151,マーケットニュートラル,2024
0.5,75.93478260869566,19.40993788819876,3220,0.3561300876090803,12.855496894409937,マーケットニュートラル,2025
0.6,75.82442500809847,18.658892128279884,3087,0.36044571833460337,13.295724003887267,マーケットニュートラル,2025
0.7,76.08052305574672,17.894012388162423,2906,0.3654374468559522,13.94573296627667,マーケットニュートラル,2025
0.7999999999999999,76.19276218611523,16.728212703101917,2708,0.36793845428975214,14.758751846381092,マーケットニュートラル,2025
0.8999999999999999,75.25625744934446,15.176797775129122,2517,0.36803987381652564,15.66861342868494,マーケットニュートラル,2025
0.9999999999999999,75.99657093870553,14.230604372053152,2333,0.36867327163983427,16.656793827689672,マーケットニュートラル,2025
1.0999999999999999,76.78637200736647,13.581952117863718,2172,0.3688506789455959,17.641666666666666,マーケットニュートラル,2025
1.1999999999999997,77.82825761357964,12.880678981527707,2003,0.3680063838770134,18.824862705941086,マーケットニュートラル,2025
1.2999999999999998,77.08758731864589,11.767866738312735,1861,0.3665597436214621,19.965233745298228,マーケットニュートラル,2025
1.4,79.92507204610952,11.873198847262248,1735,0.36646170977457626,21.100403458213254,マーケットニュートラル,2025
1.4999999999999998,79.99381188118811,11.324257425742575,1616,0.3651249430835219,22.32388613861386,マーケットニュートラル,2025
1.5999999999999996,79.9073461283918,10.456651224354733,1511,0.36279402248390386,23.56770350761085,マーケットニュートラル,2025
1.6999999999999997,78.75352112676057,9.788732394366196,1420,0.3625747175303024,24.736267605633802,マーケットニュートラル,2025
1.7999999999999998,77.31488406881077,9.050112191473449,1337,0.36173980461199096,25.93455497382199,マーケットニュートラル,2025
1.8999999999999997,79.02070063694268,8.837579617834395,1256,0.3603897970848383,27.25453821656051,マーケットニュートラル,2025
1.9999999999999996,78.15345699831366,8.094435075885329,1186,0.3580897643799398,28.5429173693086,マーケットニュートラル,2025
2.0999999999999996,78.83244206773618,7.754010695187167,1122,0.3551487569538868,29.849821746880572,マーケットニュートラル,2025
2.1999999999999997,76.65735567970205,7.169459962756052,1074,0.35393140994466177,30.895996275605217,マーケットニュートラル,2025
2.3,77.81341107871721,6.997084548104956,1029,0.3519428336388568,31.956656948493684,マーケットニュートラル,2025
2.3999999999999995,75.83589743589742,6.256410256410256,975,0.35133407399441,33.32748717948718,マーケットニュートラル,2025
2.4999999999999996,75.43783783783783,5.9459459459459465,925,0.34970841158470306,34.70021621621622,マーケットニュートラル,2025
2.5999999999999996,76.23024830699774,5.8690744920993225,886,0.34962571727751834,35.830135440180584,マーケットニュートラル,2025
2.6999999999999993,75.27186761229314,5.4373522458628845,846,0.34809517877780977,37.150472813238764,マーケットニュートラル,2025
2.7999999999999994,73.89162561576354,5.0492610837438425,812,0.34639851255550186,38.36477832512315,マーケットニュートラル,2025
2.8999999999999995,74.1507024265645,4.853128991060025,783,0.3446912608054193,39.49195402298851,マーケットニュートラル,2025
2.9999999999999996,76.29434954007884,4.993429697766097,761,0.3438640761008006,40.35795006570302,マーケットニュートラル,2025
3.0999999999999996,71.95945945945947,4.594594594594595,740,0.3442317810434276,41.18837837837838,マーケットニュートラル,2025
3.1999999999999993,72.8811188811189,4.615384615384616,715,0.34178192248170863,42.344195804195806,マーケットニュートラル,2025
3.2999999999999994,71.22655122655122,4.184704184704184,693,0.3412751821504958,43.33766233766234,マーケットニュートラル,2025
3.3999999999999995,65.02235469448584,3.7257824143070044,671,0.3427091469556524,44.29970193740685,マーケットニュートラル,2025
3.499999999999999,68.06552262090484,3.9001560062402496,641,0.3399450834156809,45.899531981279246,マーケットニュートラル,2025
3.599999999999999,68.848,3.84,625,0.3395901624691699,46.77312,マーケットニュートラル,2025
3.6999999999999993,61.0797342192691,3.322259136212625,602,0.338503681497531,48.12425249169435,マーケットニュートラル,2025
3.7999999999999994,63.17869415807561,3.436426116838488,582,0.33725232503343505,49.3958762886598,マーケットニュートラル,2025
3.8999999999999995,63.634751773049636,3.368794326241135,564,0.33519788979284104,50.6031914893617,マーケットニュートラル,2025
3.999999999999999,60.51851851851852,2.9629629629629632,540,0.3348832954636844,52.25185185185185,マーケットニュートラル,2025
