threshold,roi,hit_rate,bet_count,avg_odds_hit,year
0.5,76.55080213903743,13.324420677361854,2244,5.753511705685619,2020
0.6,77.12727272727273,12.0,1925,6.438095238095237,2020
0.7,79.03439951719974,10.983705491852746,1657,7.195604395604395,2020
0.7999999999999999,79.01251738525731,9.874826147426981,1438,8.001408450704226,2020
0.8999999999999999,76.80799999999999,8.559999999999999,1250,8.972897196261682,2020
0.9999999999999999,72.91629162916293,7.200720072007201,1111,10.126249999999999,2020
1.0999999999999999,76.61554192229039,7.05521472392638,978,10.859420289855075,2020
1.1999999999999997,78.79545454545456,6.931818181818182,880,11.367213114754101,2020
1.2999999999999998,75.34550195567145,5.9973924380704045,767,12.56304347826087,2020
1.4,73.08571428571429,5.428571428571429,700,13.463157894736844,2020
1.4999999999999998,71.43307086614172,4.881889763779528,635,14.632258064516131,2020
1.5999999999999996,73.80610412926391,4.847396768402154,557,15.225925925925928,2020
1.6999999999999997,76.8986083499006,4.7713717693836974,503,16.116666666666667,2020
1.7999999999999998,79.01960784313725,4.793028322440087,459,16.486363636363638,2020
1.8999999999999997,74.38848920863309,4.07673860911271,417,18.24705882352941,2020
1.9999999999999996,79.02887139107612,4.199475065616798,381,18.818749999999998,2020
2.0999999999999996,83.15340909090911,4.261363636363636,352,19.513333333333335,2020
2.1999999999999997,79.06832298136646,3.7267080745341614,322,21.216666666666665,2020
2.3,84.3046357615894,3.9735099337748347,302,21.216666666666665,2020
2.3999999999999995,89.96466431095406,4.240282685512367,283,21.216666666666665,2020
2.4999999999999996,98.68217054263566,4.651162790697675,258,21.216666666666665,2020
2.5999999999999996,103.49593495934958,4.878048780487805,246,21.216666666666665,2020
2.6999999999999993,103.60515021459227,4.721030042918455,233,21.945454545454545,2020
2.7999999999999994,105.78703703703705,4.62962962962963,216,22.849999999999998,2020
2.8999999999999995,102.49999999999999,4.326923076923077,208,23.68888888888889,2020
2.9999999999999996,101.26262626262626,4.040404040404041,198,25.0625,2020
3.0999999999999996,99.29729729729729,3.783783783783784,185,26.24285714285714,2020
3.1999999999999993,103.78531073446327,3.954802259887006,177,26.24285714285714,2020
3.2999999999999994,99.64912280701753,3.508771929824561,171,28.399999999999995,2020
3.3999999999999995,105.83850931677017,3.7267080745341614,161,28.399999999999995,2020
3.499999999999999,100.8917197452229,3.1847133757961785,157,31.679999999999996,2020
0.5,67.6168024003429,12.901843120445777,2333,5.251162790697674,2021
0.6,66.025,11.1,2000,5.9590090090090095,2021
0.7,64.20806545879601,9.701928696668615,1711,6.618072289156626,2021
0.7999999999999999,63.20134228187919,8.590604026845638,1490,7.35703125,2021
0.8999999999999999,61.70750988142293,7.351778656126482,1265,8.393548387096775,2021
0.9999999999999999,59.27797833935018,6.31768953068592,1108,9.382857142857144,2021
1.0999999999999999,60.85452695829095,5.90030518819939,983,10.313793103448276,2021
1.1999999999999997,59.884393063583815,5.433526011560693,865,11.02127659574468,2021
1.2999999999999998,58.072916666666664,5.078125,768,11.435897435897438,2021
1.4,56.99421965317919,4.624277456647398,692,12.325,2021
1.4999999999999998,55.313001605136435,4.173354735152488,623,13.253846153846155,2021
1.5999999999999996,51.56414762741651,3.5149384885764503,569,14.670000000000002,2021
1.6999999999999997,49.36802973977696,3.3457249070631967,538,14.755555555555553,2021
1.7999999999999998,48.1198347107438,3.0991735537190084,484,15.526666666666666,2021
1.8999999999999997,48.94144144144145,2.9279279279279278,444,16.715384615384615,2021
1.9999999999999996,51.73809523809524,3.0952380952380953,420,16.715384615384615,2021
2.0999999999999996,49.015544041450774,2.5906735751295336,386,18.919999999999998,2021
2.1999999999999997,47.41046831955923,2.479338842975207,363,19.122222222222224,2021
2.3,48.835820895522396,2.3880597014925375,335,20.450000000000003,2021
2.3999999999999995,47.42857142857143,2.2222222222222223,315,21.342857142857138,2021
2.4999999999999996,46.87707641196013,1.9933554817275747,301,23.51666666666667,2021
2.5999999999999996,48.8235294117647,2.0761245674740483,289,23.51666666666667,2021
2.6999999999999993,51.1231884057971,2.1739130434782608,276,23.51666666666667,2021
2.7999999999999994,53.854961832061065,2.2900763358778624,262,23.51666666666667,2021
2.8999999999999995,56.21513944223108,2.3904382470119523,251,23.51666666666667,2021
2.9999999999999996,58.305785123966935,2.479338842975207,242,23.51666666666667,2021
3.0999999999999996,61.8859649122807,2.631578947368421,228,23.51666666666667,2021
3.1999999999999993,57.46543778801843,2.3041474654377883,217,24.94,2021
3.2999999999999994,59.38095238095238,2.380952380952381,210,24.94,2021
3.3999999999999995,55.17412935323382,1.9900497512437811,201,27.724999999999998,2021
3.499999999999999,47.08994708994709,1.5873015873015872,189,29.666666666666668,2021
0.5,72.88830715532286,13.263525305410123,2292,5.500657894736842,2022
0.6,71.87563195146612,11.627906976744185,1978,6.181304347826087,2022
0.7,70.97058823529412,10.117647058823529,1700,7.0145348837209305,2022
0.7999999999999999,71.37491616364855,9.25553319919517,1491,7.711594202898551,2022
0.8999999999999999,71.19515885022693,8.245083207261725,1322,8.634862385321101,2022
0.9999999999999999,70.14554794520548,7.363013698630137,1168,9.526744186046512,2022
1.0999999999999999,71.57142857142857,7.0476190476190474,1050,10.155405405405405,2022
1.1999999999999997,76.00425079702444,7.226354941551541,941,10.517647058823528,2022
1.2999999999999998,77.86729857819907,6.872037914691943,844,11.331034482758621,2022
1.4,77.33860342555995,6.455862977602108,759,11.979591836734693,2022
1.4999999999999998,75.63318777292577,5.822416302765648,687,12.989999999999998,2022
1.5999999999999996,75.5591054313099,5.5910543130990416,626,13.514285714285712,2022
1.6999999999999997,70.5944055944056,5.244755244755245,572,13.459999999999997,2022
1.7999999999999998,67.91353383458647,4.6992481203007515,532,14.452,2022
1.8999999999999997,64.46428571428571,4.365079365079365,504,14.768181818181818,2022
1.9999999999999996,68.05555555555556,4.487179487179487,468,15.166666666666664,2022
2.0999999999999996,63.48416289592761,4.072398190045249,442,15.588888888888887,2022
2.1999999999999997,65.46341463414633,4.146341463414634,410,15.788235294117646,2022
2.3,63.22916666666667,3.90625,384,16.186666666666664,2022
2.3999999999999995,61.02272727272727,3.4090909090909087,352,17.9,2022
2.4999999999999996,62.89156626506024,3.313253012048193,332,18.98181818181818,2022
2.5999999999999996,68.01302931596092,3.5830618892508146,307,18.98181818181818,2022
2.6999999999999993,64.22680412371133,3.0927835051546393,291,20.766666666666666,2022
2.7999999999999994,57.607142857142854,2.5,280,23.042857142857144,2022
2.8999999999999995,60.867924528301884,2.6415094339622645,265,23.042857142857144,2022
2.9999999999999996,64.52,2.8000000000000003,250,23.042857142857144,2022
3.0999999999999996,58.06584362139917,2.4691358024691357,243,23.516666666666666,2022
3.1999999999999993,61.61572052401747,2.6200873362445414,229,23.516666666666666,2022
3.2999999999999994,59.62264150943396,2.358490566037736,212,25.28,2022
3.3999999999999995,61.359223300970875,2.4271844660194173,206,25.28,2022
3.499999999999999,65.49222797927462,2.5906735751295336,193,25.28,2022
0.5,72.00260078023408,12.83051582141309,2307,5.611824324324324,2023
0.6,70.16,10.8,2000,6.496296296296297,2023
0.7,70.80137378362909,9.845449341728678,1747,7.191279069767442,2023
0.7999999999999999,73.8587311968607,9.61412688031393,1529,7.682312925170069,2023
0.8999999999999999,74.81060606060606,8.787878787878787,1320,8.51293103448276,2023
0.9999999999999999,69.80121002592912,7.433016421780467,1157,9.390697674418606,2023
1.0999999999999999,71.80311890838207,7.212475633528265,1026,9.955405405405404,2023
1.1999999999999997,70.49837486457206,6.500541711809317,923,10.845,2023
1.2999999999999998,71.46778042959428,6.205250596658711,838,11.517307692307694,2023
1.4,70.88157894736842,5.921052631578947,760,11.971111111111112,2023
1.4999999999999998,69.4857142857143,5.857142857142858,700,11.863414634146343,2023
1.5999999999999996,63.79905808477236,4.866562009419153,637,13.10967741935484,2023
1.6999999999999997,64.67226890756302,4.705882352941177,595,13.742857142857146,2023
1.7999999999999998,57.27605118829982,3.656307129798903,547,15.665000000000001,2023
1.8999999999999997,55.02958579881657,3.155818540433925,507,17.4375,2023
1.9999999999999996,51.89583333333333,2.7083333333333335,480,19.161538461538463,2023
2.0999999999999996,51.3968957871397,2.6607538802660753,451,19.316666666666666,2023
2.1999999999999997,47.725118483412324,2.3696682464454977,422,20.14,2023
2.3,50.476190476190474,2.506265664160401,399,20.14,2023
2.3999999999999995,53.13984168865436,2.638522427440633,379,20.14,2023
2.4999999999999996,51.58333333333333,2.5,360,20.633333333333336,2023
2.5999999999999996,52.14705882352941,2.3529411764705883,340,22.1625,2023
2.6999999999999993,54.55384615384615,2.4615384615384617,325,22.1625,2023
2.7999999999999994,34.645161290322584,1.6129032258064515,310,21.48,2023
2.8999999999999995,36.53061224489796,1.7006802721088436,294,21.48,2023
2.9999999999999996,34.100719424460436,1.4388489208633095,278,23.700000000000003,2023
3.0999999999999996,35.50561797752809,1.4981273408239701,267,23.700000000000003,2023
3.1999999999999993,37.1764705882353,1.5686274509803921,255,23.700000000000003,2023
3.2999999999999994,38.53658536585367,1.6260162601626018,246,23.700000000000003,2023
3.3999999999999995,30.893617021276594,1.276595744680851,235,24.2,2023
3.499999999999999,32.55605381165919,1.345291479820628,223,24.2,2023
0.5,78.00259403372245,14.094249891915261,2313,5.534355828220859,2024
0.6,79.50510204081634,12.908163265306122,1960,6.159288537549407,2024
0.7,79.71698113207547,11.851415094339622,1696,6.72636815920398,2024
0.7999999999999999,76.03378378378379,10.135135135135135,1480,7.502,2024
0.8999999999999999,74.10138248847926,9.062980030721967,1302,8.176271186440676,2024
0.9999999999999999,74.99562554680665,8.486439195100612,1143,8.837113402061856,2024
1.0999999999999999,76.962890625,8.203125,1024,9.382142857142856,2024
1.1999999999999997,76.14483493077742,7.454739084132056,939,10.214285714285712,2024
1.2999999999999998,80.0,7.647058823529412,850,10.461538461538462,2024
1.4,74.94132985658408,6.779661016949152,767,11.053846153846154,2024
1.4999999999999998,67.63456090651559,5.524079320113314,706,12.243589743589743,2024
1.5999999999999996,67.6416539050536,5.206738131699847,653,12.991176470588234,2024
1.6999999999999997,61.49579831932773,4.369747899159663,595,14.073076923076922,2024
1.7999999999999998,59.708561020036434,4.007285974499089,549,14.899999999999999,2024
1.8999999999999997,59.12451361867704,3.6964980544747084,514,15.994736842105262,2024
1.9999999999999996,55.66666666666668,3.3333333333333335,480,16.7,2024
2.0999999999999996,55.25386313465784,3.090507726269316,453,17.87857142857143,2024
2.1999999999999997,49.39534883720931,2.558139534883721,430,19.30909090909091,2024
2.3,49.77329974811084,2.2670025188916876,397,21.955555555555556,2024
2.3999999999999995,53.118279569892465,2.4193548387096775,372,21.955555555555556,2024
2.4999999999999996,56.45714285714285,2.571428571428571,350,21.955555555555556,2024
2.5999999999999996,42.86144578313254,1.8072289156626504,332,23.71666666666667,2024
2.6999999999999993,45.17460317460317,1.9047619047619049,315,23.71666666666667,2024
2.7999999999999994,47.11920529801324,1.9867549668874174,302,23.71666666666667,2024
2.8999999999999995,49.755244755244746,2.097902097902098,286,23.71666666666667,2024
2.9999999999999996,46.891385767790254,1.8726591760299627,267,25.04,2024
3.0999999999999996,48.715953307392994,1.9455252918287937,257,25.04,2024
3.1999999999999993,50.89430894308943,2.0325203252032518,246,25.04,2024
3.2999999999999994,53.73390557939914,2.1459227467811157,233,25.04,2024
3.3999999999999995,56.14349775784754,2.242152466367713,223,25.04,2024
3.499999999999999,58.504672897196265,2.336448598130841,214,25.04,2024
0.5,77.5940170940171,13.803418803418804,2340,5.630650154798761,2025
0.6,78.13186813186812,12.337662337662337,2002,6.344939271255061,2025
0.7,75.8997722095672,10.82004555808656,1756,7.014736842105264,2025
0.7999999999999999,78.92338177014531,10.23778071334214,1514,7.709032258064517,2025
0.8999999999999999,78.59479553903344,9.368029739776953,1345,8.38968253968254,2025
0.9999999999999999,80.34982935153585,8.617747440273039,1172,9.323762376237624,2025
1.0999999999999999,80.74038461538461,7.788461538461538,1040,10.366666666666667,2025
1.1999999999999997,85.00539374325781,7.659115426105717,927,11.098591549295778,2025
1.2999999999999998,85.51312649164679,7.279236276849642,838,11.747540983606559,2025
1.4,83.18181818181817,6.493506493506493,770,12.810000000000002,2025
1.4999999999999998,83.36734693877551,6.2682215743440235,686,13.300000000000002,2025
1.5999999999999996,87.46105919003115,6.386292834890965,642,13.695121951219512,2025
1.6999999999999997,83.013698630137,5.650684931506849,584,14.690909090909091,2025
1.7999999999999998,81.6448598130841,4.859813084112149,535,16.799999999999997,2025
1.8999999999999997,84.31411530815109,4.970178926441352,503,16.964,2025
1.9999999999999996,77.97849462365592,4.301075268817205,465,18.13,2025
2.0999999999999996,77.51693002257336,4.063205417607223,443,19.077777777777776,2025
2.1999999999999997,79.38725490196077,3.9215686274509802,408,20.24375,2025
2.3,72.74406332453826,3.430079155672823,379,21.207692307692305,2025
2.3999999999999995,76.58333333333333,3.6111111111111107,360,21.207692307692305,2025
2.4999999999999996,72.6608187134503,3.216374269005848,342,22.59090909090909,2025
2.5999999999999996,78.39116719242902,3.4700315457413247,317,22.59090909090909,2025
2.6999999999999993,63.48993288590604,2.684563758389262,298,23.65,2025
2.7999999999999994,66.15384615384615,2.797202797202797,286,23.65,2025
2.8999999999999995,58.921933085501855,2.6022304832713754,269,22.642857142857142,2025
2.9999999999999996,53.03501945525292,1.9455252918287937,257,27.26,2025
3.0999999999999996,53.539094650205755,1.646090534979424,243,32.525,2025
3.1999999999999993,56.07758620689655,1.7241379310344827,232,32.525,2025
3.2999999999999994,58.6036036036036,1.8018018018018018,222,32.525,2025
3.3999999999999995,63.155339805825236,1.9417475728155338,206,32.525,2025
3.499999999999999,64.0886699507389,1.9704433497536946,203,32.525,2025
