threshold,roi,hit_rate,bet_count,avg_odds_hit,model,year
0.5,72.88830715532286,13.263525305410123,2292,5.500657894736842,V15_Binary（的中型）,2022
0.6,71.87563195146612,11.627906976744185,1978,6.181304347826087,V15_Binary（的中型）,2022
0.7,70.97058823529412,10.117647058823529,1700,7.0145348837209305,V15_Binary（的中型）,2022
0.7999999999999999,71.37491616364855,9.25553319919517,1491,7.711594202898551,V15_Binary（的中型）,2022
0.8999999999999999,71.19515885022693,8.245083207261725,1322,8.634862385321101,V15_Binary（的中型）,2022
0.9999999999999999,70.14554794520548,7.363013698630137,1168,9.526744186046512,V15_Binary（的中型）,2022
1.0999999999999999,71.57142857142857,7.0476190476190474,1050,10.155405405405405,V15_Binary（的中型）,2022
1.1999999999999997,76.00425079702444,7.226354941551541,941,10.517647058823528,V15_Binary（的中型）,2022
1.2999999999999998,77.86729857819907,6.872037914691943,844,11.331034482758621,V15_Binary（的中型）,2022
1.4,77.33860342555995,6.455862977602108,759,11.979591836734693,V15_Binary（的中型）,2022
1.4999999999999998,75.63318777292577,5.822416302765648,687,12.989999999999998,V15_Binary（的中型）,2022
1.5999999999999996,75.5591054313099,5.5910543130990416,626,13.514285714285712,V15_Binary（的中型）,2022
1.6999999999999997,70.5944055944056,5.244755244755245,572,13.459999999999997,V15_Binary（的中型）,2022
1.7999999999999998,67.91353383458647,4.6992481203007515,532,14.452,V15_Binary（的中型）,2022
1.8999999999999997,64.46428571428571,4.365079365079365,504,14.768181818181818,V15_Binary（的中型）,2022
1.9999999999999996,68.05555555555556,4.487179487179487,468,15.166666666666664,V15_Binary（的中型）,2022
2.0999999999999996,63.48416289592761,4.072398190045249,442,15.588888888888887,V15_Binary（的中型）,2022
2.1999999999999997,65.46341463414633,4.146341463414634,410,15.788235294117646,V15_Binary（的中型）,2022
2.3,63.22916666666667,3.90625,384,16.186666666666664,V15_Binary（的中型）,2022
2.3999999999999995,61.02272727272727,3.4090909090909087,352,17.9,V15_Binary（的中型）,2022
2.4999999999999996,62.89156626506024,3.313253012048193,332,18.98181818181818,V15_Binary（的中型）,2022
2.5999999999999996,68.01302931596092,3.5830618892508146,307,18.98181818181818,V15_Binary（的中型）,2022
2.6999999999999993,64.22680412371133,3.0927835051546393,291,20.766666666666666,V15_Binary（的中型）,2022
2.7999999999999994,57.607142857142854,2.5,280,23.042857142857144,V15_Binary（的中型）,2022
2.8999999999999995,60.867924528301884,2.6415094339622645,265,23.042857142857144,V15_Binary（的中型）,2022
2.9999999999999996,64.52,2.8000000000000003,250,23.042857142857144,V15_Binary（的中型）,2022
3.0999999999999996,58.06584362139917,2.4691358024691357,243,23.516666666666666,V15_Binary（的中型）,2022
3.1999999999999993,61.61572052401747,2.6200873362445414,229,23.516666666666666,V15_Binary（的中型）,2022
3.2999999999999994,59.62264150943396,2.358490566037736,212,25.28,V15_Binary（的中型）,2022
3.3999999999999995,61.359223300970875,2.4271844660194173,206,25.28,V15_Binary（的中型）,2022
3.499999999999999,65.49222797927462,2.5906735751295336,193,25.28,V15_Binary（的中型）,2022
3.599999999999999,67.59358288770055,2.6737967914438503,187,25.28,V15_Binary（的中型）,2022
3.6999999999999993,50.393258426966305,2.247191011235955,178,22.425000000000004,V15_Binary（的中型）,2022
3.7999999999999994,41.8452380952381,1.7857142857142856,168,23.433333333333337,V15_Binary（的中型）,2022
3.8999999999999995,43.664596273291934,1.8633540372670807,161,23.433333333333337,V15_Binary（的中型）,2022
3.999999999999999,45.94771241830066,1.9607843137254901,153,23.433333333333337,V15_Binary（的中型）,2022
0.5,77.05150462962963,17.30324074074074,3456,4.455685618729097,V4.4_Residual（穴馬検出型）,2022
0.6,77.05150462962963,17.30324074074074,3456,4.455685618729097,V4.4_Residual（穴馬検出型）,2022
0.7,77.05150462962963,17.30324074074074,3456,4.455685618729097,V4.4_Residual（穴馬検出型）,2022
0.7999999999999999,77.04196816208395,17.27930535455861,3455,4.461306532663317,V4.4_Residual（穴馬検出型）,2022
0.8999999999999999,77.02405099971023,17.212402202260215,3451,4.477609427609427,V4.4_Residual（穴馬検出型）,2022
0.9999999999999999,76.98228289282602,17.078129538193437,3443,4.510374149659865,V4.4_Residual（穴馬検出型）,2022
1.0999999999999999,76.96058394160585,16.846715328467155,3425,4.57105719237435,V4.4_Residual（穴馬検出型）,2022
1.1999999999999997,76.79562906083875,16.272888363851152,3386,4.722141560798548,V4.4_Residual（穴馬検出型）,2022
1.2999999999999998,76.56783468104223,15.663372267145853,3339,4.8913957934990435,V4.4_Residual（穴馬検出型）,2022
1.4,76.3979312442957,15.089747490112565,3287,5.066129032258065,V4.4_Residual（穴馬検出型）,2022
1.4999999999999998,76.64292350572933,14.74140600805203,3229,5.202521008403361,V4.4_Residual（穴馬検出型）,2022
1.5999999999999996,76.60056657223797,14.290210890777463,3177,5.363876651982379,V4.4_Residual（穴馬検出型）,2022
1.6999999999999997,76.49935649935651,13.706563706563706,3108,5.584976525821597,V4.4_Residual（穴馬検出型）,2022
1.7999999999999998,76.15586116568436,13.163064833005894,3054,5.789552238805969,V4.4_Residual（穴馬検出型）,2022
1.8999999999999997,76.31103678929765,12.809364548494983,2990,5.961618798955614,V4.4_Residual（穴馬検出型）,2022
1.9999999999999996,75.78659370725033,12.175102599179207,2924,6.229213483146067,V4.4_Residual（穴馬検出型）,2022
2.0999999999999996,75.34940600978337,11.600279524807828,2862,6.5003012048192765,V4.4_Residual（穴馬検出型）,2022
2.1999999999999997,74.47377809489832,10.916874777024617,2803,6.827124183006534,V4.4_Residual（穴馬検出型）,2022
2.3,74.47999999999999,10.618181818181819,2750,7.019863013698629,V4.4_Residual（穴馬検出型）,2022
2.3999999999999995,74.01113172541743,10.129870129870131,2695,7.312087912087911,V4.4_Residual（穴馬検出型）,2022
2.4999999999999996,74.28193499622073,9.939531368102797,2646,7.479467680608364,V4.4_Residual（穴馬検出型）,2022
2.5999999999999996,74.7844495765974,9.85373364126251,2598,7.595703125,V4.4_Residual（穴馬検出型）,2022
2.6999999999999993,74.79607843137256,9.607843137254903,2550,7.791428571428572,V4.4_Residual（穴馬検出型）,2022
2.7999999999999994,74.92006394884093,9.392486011191046,2502,7.983404255319148,V4.4_Residual（穴馬検出型）,2022
2.8999999999999995,74.61695191524042,9.087204563977181,2454,8.218385650224214,V4.4_Residual（穴馬検出型）,2022
2.9999999999999996,74.37033968516984,8.823529411764707,2414,8.436150234741785,V4.4_Residual（穴馬検出型）,2022
3.0999999999999996,74.57167090754876,8.608990670059374,2358,8.669950738916256,V4.4_Residual（穴馬検出型）,2022
3.1999999999999993,73.80952380952381,8.181818181818182,2310,9.029629629629628,V4.4_Residual（穴馬検出型）,2022
3.2999999999999994,73.7677304964539,7.890070921985816,2256,9.34943820224719,V4.4_Residual（穴馬検出型）,2022
3.3999999999999995,74.47069513857338,7.81462971376647,2201,9.529651162790698,V4.4_Residual（穴馬検出型）,2022
3.499999999999999,74.83931066604565,7.638565440149045,2147,9.797560975609755,V4.4_Residual（穴馬検出型）,2022
3.599999999999999,75.10242972844212,7.479752262982372,2099,10.040764331210191,V4.4_Residual（穴馬検出型）,2022
3.6999999999999993,75.93023255813954,7.50968992248062,2064,10.110967741935486,V4.4_Residual（穴馬検出型）,2022
3.7999999999999994,75.13833992094861,7.16403162055336,2024,10.488275862068965,V4.4_Residual（穴馬検出型）,2022
3.8999999999999995,75.2713567839196,7.035175879396985,1990,10.699285714285711,V4.4_Residual（穴馬検出型）,2022
3.999999999999999,75.85905349794237,6.944444444444445,1944,10.923703703703705,V4.4_Residual（穴馬検出型）,2022
0.5,71.83951332560837,19.43800695249131,3452,3.6982116244411327,Ensemble,2022
0.6,71.88026736413833,19.35483870967742,3441,3.7162162162162162,Ensemble,2022
0.7,71.46290801186943,18.367952522255194,3370,3.893214862681745,Ensemble,2022
0.7999999999999999,71.0793554271815,17.421708726056554,3289,4.082722513089005,Ensemble,2022
0.8999999999999999,71.1610249920911,16.545397026257515,3161,4.304015296367113,Ensemble,2022
0.9999999999999999,70.96160157532,15.654742369543815,3047,4.536268343815514,Ensemble,2022
1.0999999999999999,70.3379993171731,14.680778422669855,2929,4.794883720930233,Ensemble,2022
1.1999999999999997,69.73271560940842,13.791874554526014,2806,5.060206718346253,Ensemble,2022
1.2999999999999998,68.69242199108469,12.815750371471024,2692,5.3646376811594205,Ensemble,2022
1.4,67.94094794094794,11.965811965811966,2574,5.683116883116884,Ensemble,2022
1.4999999999999998,67.78635255889522,11.413484971567831,2462,5.944839857651245,Ensemble,2022
1.5999999999999996,66.73903788846317,10.642826734780758,2349,6.2772,Ensemble,2022
1.6999999999999997,66.22950819672131,10.146211785556048,2257,6.534497816593887,Ensemble,2022
1.7999999999999998,65.62470970738505,9.568044588945657,2153,6.866504854368932,Ensemble,2022
1.8999999999999997,64.8326055312955,9.024745269286754,2061,7.192473118279571,Ensemble,2022
1.9999999999999996,64.11524732279449,8.4140744518103,1961,7.619999999999998,Ensemble,2022
2.0999999999999996,64.24679487179488,8.11965811965812,1872,7.9125000000000005,Ensemble,2022
2.1999999999999997,64.1130386121992,7.778399552322328,1787,8.242446043165469,Ensemble,2022
2.3,63.71345029239765,7.426900584795322,1710,8.578740157480317,Ensemble,2022
2.3999999999999995,63.39817629179332,7.112462006079028,1645,8.913675213675214,Ensemble,2022
2.4999999999999996,63.21766561514196,6.8769716088328074,1585,9.192660550458715,Ensemble,2022
2.5999999999999996,63.64590163934426,6.754098360655737,1525,9.423300970873788,Ensemble,2022
2.6999999999999993,62.158469945355186,6.284153005464481,1464,9.891304347826088,Ensemble,2022
2.7999999999999994,62.76129943502824,6.214689265536723,1416,10.098863636363635,Ensemble,2022
2.8999999999999995,62.573746312684364,5.9734513274336285,1356,10.475308641975309,Ensemble,2022
2.9999999999999996,60.182370820668694,5.47112462006079,1316,11.0,Ensemble,2022
3.0999999999999996,59.88132911392405,5.3006329113924044,1264,11.297014925373134,Ensemble,2022
3.1999999999999993,60.58727569331158,5.30179445350734,1226,11.427692307692308,Ensemble,2022
3.2999999999999994,61.020920502092046,5.2719665271966525,1195,11.574603174603173,Ensemble,2022
3.3999999999999995,60.47826086956521,5.043478260869565,1150,11.991379310344827,Ensemble,2022
3.499999999999999,61.52815013404825,5.093833780160858,1119,12.078947368421053,Ensemble,2022
3.599999999999999,60.5462962962963,4.814814814814815,1080,12.574999999999998,Ensemble,2022
3.6999999999999993,59.476190476190474,4.571428571428571,1050,13.010416666666666,Ensemble,2022
3.7999999999999994,59.32086614173229,4.429133858267717,1016,13.393333333333329,Ensemble,2022
3.8999999999999995,59.051987767584095,4.281345565749235,981,13.792857142857141,Ensemble,2022
3.999999999999999,58.018769551616266,4.066736183524505,959,14.266666666666666,Ensemble,2022
0.5,72.00260078023408,12.83051582141309,2307,5.611824324324324,V15_Binary（的中型）,2023
0.6,70.16,10.8,2000,6.496296296296297,V15_Binary（的中型）,2023
0.7,70.80137378362909,9.845449341728678,1747,7.191279069767442,V15_Binary（的中型）,2023
0.7999999999999999,73.8587311968607,9.61412688031393,1529,7.682312925170069,V15_Binary（的中型）,2023
0.8999999999999999,74.81060606060606,8.787878787878787,1320,8.51293103448276,V15_Binary（的中型）,2023
0.9999999999999999,69.80121002592912,7.433016421780467,1157,9.390697674418606,V15_Binary（的中型）,2023
1.0999999999999999,71.80311890838207,7.212475633528265,1026,9.955405405405404,V15_Binary（的中型）,2023
1.1999999999999997,70.49837486457206,6.500541711809317,923,10.845,V15_Binary（的中型）,2023
1.2999999999999998,71.46778042959428,6.205250596658711,838,11.517307692307694,V15_Binary（的中型）,2023
1.4,70.88157894736842,5.921052631578947,760,11.971111111111112,V15_Binary（的中型）,2023
1.4999999999999998,69.4857142857143,5.857142857142858,700,11.863414634146343,V15_Binary（的中型）,2023
1.5999999999999996,63.79905808477236,4.866562009419153,637,13.10967741935484,V15_Binary（的中型）,2023
1.6999999999999997,64.67226890756302,4.705882352941177,595,13.742857142857146,V15_Binary（的中型）,2023
1.7999999999999998,57.27605118829982,3.656307129798903,547,15.665000000000001,V15_Binary（的中型）,2023
1.8999999999999997,55.02958579881657,3.155818540433925,507,17.4375,V15_Binary（的中型）,2023
1.9999999999999996,51.89583333333333,2.7083333333333335,480,19.161538461538463,V15_Binary（的中型）,2023
2.0999999999999996,51.3968957871397,2.6607538802660753,451,19.316666666666666,V15_Binary（的中型）,2023
2.1999999999999997,47.725118483412324,2.3696682464454977,422,20.14,V15_Binary（的中型）,2023
2.3,50.476190476190474,2.506265664160401,399,20.14,V15_Binary（的中型）,2023
2.3999999999999995,53.13984168865436,2.638522427440633,379,20.14,V15_Binary（的中型）,2023
2.4999999999999996,51.58333333333333,2.5,360,20.633333333333336,V15_Binary（的中型）,2023
2.5999999999999996,52.14705882352941,2.3529411764705883,340,22.1625,V15_Binary（的中型）,2023
2.6999999999999993,54.55384615384615,2.4615384615384617,325,22.1625,V15_Binary（的中型）,2023
2.7999999999999994,34.645161290322584,1.6129032258064515,310,21.48,V15_Binary（的中型）,2023
2.8999999999999995,36.53061224489796,1.7006802721088436,294,21.48,V15_Binary（的中型）,2023
2.9999999999999996,34.100719424460436,1.4388489208633095,278,23.700000000000003,V15_Binary（的中型）,2023
3.0999999999999996,35.50561797752809,1.4981273408239701,267,23.700000000000003,V15_Binary（的中型）,2023
3.1999999999999993,37.1764705882353,1.5686274509803921,255,23.700000000000003,V15_Binary（的中型）,2023
3.2999999999999994,38.53658536585367,1.6260162601626018,246,23.700000000000003,V15_Binary（的中型）,2023
3.3999999999999995,30.893617021276594,1.276595744680851,235,24.2,V15_Binary（的中型）,2023
3.499999999999999,32.55605381165919,1.345291479820628,223,24.2,V15_Binary（的中型）,2023
3.599999999999999,34.24528301886792,1.4150943396226416,212,24.2,V15_Binary（的中型）,2023
3.6999999999999993,37.230769230769226,1.5384615384615385,195,24.2,V15_Binary（的中型）,2023
3.7999999999999994,39.45652173913043,1.6304347826086956,184,24.2,V15_Binary（的中型）,2023
3.8999999999999995,41.96531791907514,1.7341040462427744,173,24.2,V15_Binary（的中型）,2023
3.999999999999999,43.99999999999999,1.8181818181818181,165,24.2,V15_Binary（的中型）,2023
0.5,78.06712962962963,16.435185185185187,3456,4.75,V4.4_Residual（穴馬検出型）,2023
0.6,78.06712962962963,16.435185185185187,3456,4.75,V4.4_Residual（穴馬検出型）,2023
0.7,78.06712962962963,16.435185185185187,3456,4.75,V4.4_Residual（穴馬検出型）,2023
0.7999999999999999,78.05788712011578,16.410998552821997,3455,4.756437389770722,V4.4_Residual（穴馬検出型）,2023
0.8999999999999999,78.08806488991888,16.396292004634994,3452,4.762544169611307,V4.4_Residual（穴馬検出型）,2023
0.9999999999999999,78.07424593967517,16.328306264501162,3448,4.781527531083482,V4.4_Residual（穴馬検出型）,2023
1.0999999999999999,78.05474665113569,16.13278974956319,3434,4.838267148014441,V4.4_Residual（穴馬検出型）,2023
1.1999999999999997,78.08098591549296,15.874413145539906,3408,4.918669131238447,V4.4_Residual（穴馬検出型）,2023
1.2999999999999998,78.02188054405677,15.552927261975164,3382,5.016539923954373,V4.4_Residual（穴馬検出型）,2023
1.4,77.96828246558947,15.110712148414123,3342,5.1598019801980195,V4.4_Residual（穴馬検出型）,2023
1.4999999999999998,77.99999999999999,14.719271623672231,3295,5.299175257731959,V4.4_Residual（穴馬検出型）,2023
1.5999999999999996,78.1282762873882,14.338575393154487,3243,5.448817204301076,V4.4_Residual（穴馬検出型）,2023
1.6999999999999997,78.06542938030829,13.777917584145957,3179,5.665981735159817,V4.4_Residual（穴馬検出型）,2023
1.7999999999999998,78.19604086845467,13.473818646232438,3132,5.803554502369668,V4.4_Residual（穴馬検出型）,2023
1.8999999999999997,78.13090198632368,12.992510582872029,3071,6.013533834586466,V4.4_Residual（穴馬検出型）,2023
1.9999999999999996,78.25538971807627,12.669983416252073,3015,6.176439790575916,V4.4_Residual（穴馬検出型）,2023
2.0999999999999996,78.16587997302766,12.306136210384357,2966,6.351780821917807,V4.4_Residual（穴馬検出型）,2023
2.1999999999999997,78.03014731072284,11.956149366221307,2919,6.526361031518624,V4.4_Residual（穴馬検出型）,2023
2.3,77.47907949790796,11.436541143654114,2868,6.774695121951219,V4.4_Residual（穴馬検出型）,2023
2.3999999999999995,78.18052594171996,11.371712864250178,2814,6.875,V4.4_Residual（穴馬検出型）,2023
2.4999999999999996,78.17095255342268,11.046722202100687,2761,7.07639344262295,V4.4_Residual（穴馬検出型）,2023
2.5999999999999996,77.6186970923813,10.599926389400073,2717,7.322569444444444,V4.4_Residual（穴馬検出型）,2023
2.6999999999999993,77.27476635514017,10.2803738317757,2675,7.516727272727272,V4.4_Residual（穴馬検出型）,2023
2.7999999999999994,77.16634799235183,9.94263862332696,2615,7.761153846153847,V4.4_Residual（穴馬検出型）,2023
2.8999999999999995,76.68478260869566,9.588509316770185,2576,7.99757085020243,V4.4_Residual（穴馬検出型）,2023
2.9999999999999996,76.87549563838223,9.35765265662173,2522,8.215254237288136,V4.4_Residual（穴馬検出型）,2023
3.0999999999999996,77.22964763061968,9.194005670311867,2469,8.4,V4.4_Residual（穴馬検出型）,2023
3.1999999999999993,77.47944078947368,9.087171052631579,2432,8.526244343891403,V4.4_Residual（穴馬検出型）,2023
3.2999999999999994,78.24716267339218,9.03741067675494,2379,8.658139534883722,V4.4_Residual（穴馬検出型）,2023
3.3999999999999995,79.58081244598098,9.075194468452894,2314,8.769047619047619,V4.4_Residual（穴馬検出型）,2023
3.499999999999999,80.00441111601235,8.954565505072784,2267,8.934482758620689,V4.4_Residual（穴馬検出型）,2023
3.599999999999999,79.75314183123878,8.707360861759424,2228,9.159278350515464,V4.4_Residual（穴馬検出型）,2023
3.6999999999999993,78.91780821917808,8.310502283105023,2190,9.496153846153845,V4.4_Residual（穴馬検出型）,2023
3.7999999999999994,79.29832713754647,8.224907063197026,2152,9.641242937853107,V4.4_Residual（穴馬検出型）,2023
3.8999999999999995,78.90104662226452,7.897240723120837,2102,9.990963855421686,V4.4_Residual（穴馬検出型）,2023
3.999999999999999,78.82068632189464,7.7332044465925565,2069,10.192499999999999,V4.4_Residual（穴馬検出型）,2023
0.5,74.23812282734646,19.380069524913093,3452,3.8306427503736917,Ensemble,2023
0.6,74.18867924528303,19.245283018867926,3445,3.854901960784314,Ensemble,2023
0.7,74.08049353701527,18.772032902467686,3404,3.9463223787167445,Ensemble,2023
0.7999999999999999,73.94285714285715,17.924812030075188,3325,4.1251677852349,Ensemble,2023
0.8999999999999999,73.74690594059405,17.048267326732674,3232,4.325771324863884,Ensemble,2023
0.9999999999999999,73.84813384813384,16.248391248391247,3108,4.5449504950495045,Ensemble,2023
1.0999999999999999,73.87453874538745,15.397517611539751,2981,4.7978213507625265,Ensemble,2023
1.1999999999999997,73.10848400556328,14.429763560500694,2876,5.066506024096386,Ensemble,2023
1.2999999999999998,73.05716353111433,13.784370477568741,2764,5.300000000000001,Ensemble,2023
1.4,72.04182509505704,12.661596958174906,2630,5.68978978978979,Ensemble,2023
1.4999999999999998,71.96499602227526,12.052505966587113,2514,5.970957095709571,Ensemble,2023
1.5999999999999996,71.01786456169505,11.258828417116742,2407,6.307749077490775,Ensemble,2023
1.6999999999999997,70.25119099177132,10.567345171069727,2309,6.647950819672131,Ensemble,2023
1.7999999999999998,71.0625844214318,10.44574515983791,2221,6.803017241379311,Ensemble,2023
1.8999999999999997,71.70627376425854,10.123574144486692,2104,7.0830985915492946,Ensemble,2023
1.9999999999999996,71.93756194251735,9.81169474727453,2018,7.331818181818181,Ensemble,2023
2.0999999999999996,71.3191929643042,9.311950336264873,1933,7.658888888888888,Ensemble,2023
2.1999999999999997,71.31422390481342,8.97782585181179,1849,7.943373493975903,Ensemble,2023
2.3,69.13978494623656,8.149405772495756,1767,8.484027777777776,Ensemble,2023
2.3999999999999995,67.83767772511847,7.5829383886255926,1688,8.94609375,Ensemble,2023
2.4999999999999996,67.731196054254,7.336621454993835,1622,9.231932773109241,Ensemble,2023
2.5999999999999996,67.13832487309645,7.043147208121828,1576,9.53243243243243,Ensemble,2023
2.6999999999999993,68.67063492063494,7.076719576719577,1512,9.70373831775701,Ensemble,2023
2.7999999999999994,68.98421413864105,6.9320521619766655,1457,9.95148514851485,Ensemble,2023
2.8999999999999995,70.1932712956335,6.9434502505368645,1397,10.109278350515464,Ensemble,2023
2.9999999999999996,71.17956423741548,6.836964688204357,1331,10.410989010989011,Ensemble,2023
3.0999999999999996,70.46057767369243,6.557377049180328,1281,10.745238095238095,Ensemble,2023
3.1999999999999993,70.45197740112994,6.376109765940274,1239,11.049367088607596,Ensemble,2023
3.2999999999999994,70.125,6.166666666666667,1200,11.37162162162162,Ensemble,2023
3.3999999999999995,70.81196581196582,6.153846153846154,1170,11.506944444444446,Ensemble,2023
3.499999999999999,68.67724867724867,5.731922398589065,1134,11.981538461538461,Ensemble,2023
3.599999999999999,71.64673413063477,5.979760809567617,1087,11.981538461538461,Ensemble,2023
3.6999999999999993,69.58333333333333,5.587121212121212,1056,12.454237288135594,Ensemble,2023
3.7999999999999994,71.8982387475538,5.772994129158512,1022,12.454237288135594,Ensemble,2023
3.8999999999999995,73.62725450901803,5.911823647294589,998,12.454237288135594,Ensemble,2023
3.999999999999999,71.83229813664596,5.590062111801243,966,12.850000000000001,Ensemble,2023
0.5,78.00259403372245,14.094249891915261,2313,5.534355828220859,V15_Binary（的中型）,2024
0.6,79.50510204081634,12.908163265306122,1960,6.159288537549407,V15_Binary（的中型）,2024
0.7,79.71698113207547,11.851415094339622,1696,6.72636815920398,V15_Binary（的中型）,2024
0.7999999999999999,76.03378378378379,10.135135135135135,1480,7.502,V15_Binary（的中型）,2024
0.8999999999999999,74.10138248847926,9.062980030721967,1302,8.176271186440676,V15_Binary（的中型）,2024
0.9999999999999999,74.99562554680665,8.486439195100612,1143,8.837113402061856,V15_Binary（的中型）,2024
1.0999999999999999,76.962890625,8.203125,1024,9.382142857142856,V15_Binary（的中型）,2024
1.1999999999999997,76.14483493077742,7.454739084132056,939,10.214285714285712,V15_Binary（的中型）,2024
1.2999999999999998,80.0,7.647058823529412,850,10.461538461538462,V15_Binary（的中型）,2024
1.4,74.94132985658408,6.779661016949152,767,11.053846153846154,V15_Binary（的中型）,2024
1.4999999999999998,67.63456090651559,5.524079320113314,706,12.243589743589743,V15_Binary（的中型）,2024
1.5999999999999996,67.6416539050536,5.206738131699847,653,12.991176470588234,V15_Binary（的中型）,2024
1.6999999999999997,61.49579831932773,4.369747899159663,595,14.073076923076922,V15_Binary（的中型）,2024
1.7999999999999998,59.708561020036434,4.007285974499089,549,14.899999999999999,V15_Binary（的中型）,2024
1.8999999999999997,59.12451361867704,3.6964980544747084,514,15.994736842105262,V15_Binary（的中型）,2024
1.9999999999999996,55.66666666666668,3.3333333333333335,480,16.7,V15_Binary（的中型）,2024
2.0999999999999996,55.25386313465784,3.090507726269316,453,17.87857142857143,V15_Binary（的中型）,2024
2.1999999999999997,49.39534883720931,2.558139534883721,430,19.30909090909091,V15_Binary（的中型）,2024
2.3,49.77329974811084,2.2670025188916876,397,21.955555555555556,V15_Binary（的中型）,2024
2.3999999999999995,53.118279569892465,2.4193548387096775,372,21.955555555555556,V15_Binary（的中型）,2024
2.4999999999999996,56.45714285714285,2.571428571428571,350,21.955555555555556,V15_Binary（的中型）,2024
2.5999999999999996,42.86144578313254,1.8072289156626504,332,23.71666666666667,V15_Binary（的中型）,2024
2.6999999999999993,45.17460317460317,1.9047619047619049,315,23.71666666666667,V15_Binary（的中型）,2024
2.7999999999999994,47.11920529801324,1.9867549668874174,302,23.71666666666667,V15_Binary（的中型）,2024
2.8999999999999995,49.755244755244746,2.097902097902098,286,23.71666666666667,V15_Binary（的中型）,2024
2.9999999999999996,46.891385767790254,1.8726591760299627,267,25.04,V15_Binary（的中型）,2024
3.0999999999999996,48.715953307392994,1.9455252918287937,257,25.04,V15_Binary（的中型）,2024
3.1999999999999993,50.89430894308943,2.0325203252032518,246,25.04,V15_Binary（的中型）,2024
3.2999999999999994,53.73390557939914,2.1459227467811157,233,25.04,V15_Binary（的中型）,2024
3.3999999999999995,56.14349775784754,2.242152466367713,223,25.04,V15_Binary（的中型）,2024
3.499999999999999,58.504672897196265,2.336448598130841,214,25.04,V15_Binary（的中型）,2024
3.599999999999999,63.55329949238578,2.5380710659898478,197,25.04,V15_Binary（的中型）,2024
3.6999999999999993,55.21052631578948,2.1052631578947367,190,26.225,V15_Binary（的中型）,2024
3.7999999999999994,57.95580110497238,2.209944751381215,181,26.225,V15_Binary（的中型）,2024
3.8999999999999995,60.98837209302326,2.3255813953488373,172,26.225,V15_Binary（的中型）,2024
3.999999999999999,63.19277108433735,2.4096385542168677,166,26.225,V15_Binary（的中型）,2024
0.5,82.40011580775914,17.168500289519397,3454,4.80168634064081,V4.4_Residual（穴馬検出型）,2024
0.6,82.40011580775914,17.168500289519397,3454,4.80168634064081,V4.4_Residual（穴馬検出型）,2024
0.7,82.40011580775914,17.168500289519397,3454,4.80168634064081,V4.4_Residual（穴馬検出型）,2024
0.7999999999999999,82.40011580775914,17.168500289519397,3454,4.80168634064081,V4.4_Residual（穴馬検出型）,2024
0.8999999999999999,82.37819025522042,17.053364269141532,3448,4.8328231292517,V4.4_Residual（穴馬検出型）,2024
0.9999999999999999,82.28504809093559,16.700670358496065,3431,4.929319371727749,V4.4_Residual（穴馬検出型）,2024
1.0999999999999999,82.3646473514779,16.56423763535265,3417,4.974734982332155,V4.4_Residual（穴馬検出型）,2024
1.1999999999999997,82.32791728212703,16.129985228951256,3385,5.106410256410257,V4.4_Residual（穴馬検出型）,2024
1.2999999999999998,82.39760837070253,15.724962630792227,3345,5.242395437262357,V4.4_Residual（穴馬検出型）,2024
1.4,82.38456865127584,15.157958687727824,3292,5.437675350701402,V4.4_Residual（穴馬検出型）,2024
1.4999999999999998,82.56410256410255,14.704973741118318,3237,5.617436974789916,V4.4_Residual（穴馬検出型）,2024
1.5999999999999996,82.71783579742058,14.249764076753696,3179,5.807726269315673,V4.4_Residual（穴馬検出型）,2024
1.6999999999999997,82.6621708413616,13.615928066795119,3114,6.074056603773586,V4.4_Residual（穴馬検出型）,2024
1.7999999999999998,82.73883273557222,13.270296706879686,3067,6.238083538083537,V4.4_Residual（穴馬検出型）,2024
1.8999999999999997,82.66533732136922,12.761714855433699,3009,6.480989583333333,V4.4_Residual（穴馬検出型）,2024
1.9999999999999996,82.88416075650117,12.495778453225261,2961,6.636486486486486,V4.4_Residual（穴馬検出型）,2024
2.0999999999999996,82.68553676216777,11.977908180876769,2897,6.906916426512968,V4.4_Residual（穴馬検出型）,2024
2.1999999999999997,82.47716092761772,11.560084328882644,2846,7.138601823708206,V4.4_Residual（穴馬検出型）,2024
2.3,82.88123430211698,11.302475780409042,2787,7.337142857142856,V4.4_Residual（穴馬検出型）,2024
2.3999999999999995,83.30047462577585,11.13545089448704,2739,7.484918032786886,V4.4_Residual（穴馬検出型）,2024
2.4999999999999996,83.74253731343285,10.895522388059701,2680,7.685958904109589,V4.4_Residual（穴馬検出型）,2024
2.5999999999999996,84.33052792654934,10.673297628156082,2614,7.901075268817205,V4.4_Residual（穴馬検出型）,2024
2.6999999999999993,84.8009367681499,10.49960967993755,2562,8.076579925650556,V4.4_Residual（穴馬検出型）,2024
2.7999999999999994,85.33598409542743,10.377733598409543,2515,8.222988505747125,V4.4_Residual（穴馬検出型）,2024
2.8999999999999995,85.47822547822547,10.093610093610094,2457,8.468548387096773,V4.4_Residual（穴馬検出型）,2024
2.9999999999999996,85.81803005008346,9.84974958263773,2396,8.71271186440678,V4.4_Residual（穴馬検出型）,2024
3.0999999999999996,85.39614561027837,9.379014989293362,2335,9.105022831050228,V4.4_Residual（穴馬検出型）,2024
3.1999999999999993,85.2170100832968,9.031126698816308,2281,9.435922330097085,V4.4_Residual（穴馬検出型）,2024
3.2999999999999994,86.41416405199462,9.054235768713582,2231,9.544059405940594,V4.4_Residual（穴馬検出型）,2024
3.3999999999999995,85.8508691674291,8.645928636779505,2186,9.929629629629629,V4.4_Residual（穴馬検出型）,2024
3.499999999999999,85.10747663551402,8.224299065420562,2140,10.348295454545456,V4.4_Residual（穴馬検出型）,2024
3.599999999999999,85.25107604017215,7.986609277857484,2091,10.674251497005988,V4.4_Residual（穴馬検出型）,2024
3.6999999999999993,84.78790833739637,7.654802535348611,2051,11.07643312101911,V4.4_Residual（穴馬検出型）,2024
3.7999999999999994,85.29324055666004,7.5546719681908545,2012,11.290131578947367,V4.4_Residual（穴馬検出型）,2024
3.8999999999999995,85.6398583712696,7.435508345978755,1977,11.517687074829931,V4.4_Residual（穴馬検出型）,2024
3.999999999999999,86.52620760534428,7.451181911613566,1946,11.612413793103448,V4.4_Residual（穴馬検出型）,2024
0.5,82.33845262242828,20.19704433497537,3451,4.0767575322812055,Ensemble,2024
0.6,82.2888044431453,19.701841566793334,3421,4.1767062314540055,Ensemble,2024
0.7,82.50594530321045,19.14387633769322,3364,4.309782608695652,Ensemble,2024
0.7999999999999999,82.38719512195122,18.20121951219512,3280,4.5264656616415415,Ensemble,2024
0.8999999999999999,82.5133689839572,17.301038062283737,3179,4.769272727272728,Ensemble,2024
0.9999999999999999,82.96931705707688,16.2322665786869,3031,5.111382113821138,Ensemble,2024
1.0999999999999999,83.52397260273972,15.547945205479452,2920,5.372026431718061,Ensemble,2024
1.1999999999999997,83.86039886039886,14.886039886039887,2808,5.633492822966508,Ensemble,2024
1.2999999999999998,83.87096774193549,13.915978994748688,2666,6.026954177897574,Ensemble,2024
1.4,84.65416178194609,13.481828839390387,2559,6.279130434782609,Ensemble,2024
1.4999999999999998,85.1126587464154,12.904547316673495,2441,6.595555555555556,Ensemble,2024
1.5999999999999996,85.14592274678112,12.274678111587983,2330,6.936713286713287,Ensemble,2024
1.6999999999999997,85.72972972972973,11.846846846846846,2220,7.2365019011406835,Ensemble,2024
1.7999999999999998,87.27701746106654,11.70363378952336,2119,7.45725806451613,Ensemble,2024
1.8999999999999997,85.81718827620467,10.680576254346747,2013,8.034883720930232,Ensemble,2024
1.9999999999999996,86.42149191444966,10.276473656755346,1917,8.409644670050762,Ensemble,2024
2.0999999999999996,86.81594756963408,9.885308574549427,1831,8.782320441988949,Ensemble,2024
2.1999999999999997,87.16647662485747,9.52109464082098,1754,9.155089820359281,Ensemble,2024
2.3,87.10979228486649,9.080118694362017,1685,9.593464052287581,Ensemble,2024
2.3999999999999995,87.60147601476014,8.856088560885608,1626,9.891666666666666,Ensemble,2024
2.4999999999999996,87.44260204081633,8.482142857142858,1568,10.309022556390977,Ensemble,2024
2.5999999999999996,86.96949602122017,8.023872679045093,1508,10.838842975206612,Ensemble,2024
2.6999999999999993,86.66897506925207,7.617728531855955,1444,11.377272727272727,Ensemble,2024
2.7999999999999994,87.05202312138728,7.369942196531793,1384,11.811764705882352,Ensemble,2024
2.8999999999999995,85.78790141896937,6.9454817027632565,1339,12.351612903225806,Ensemble,2024
2.9999999999999996,86.52777777777777,6.867283950617284,1296,12.600000000000001,Ensemble,2024
3.0999999999999996,86.52766639935847,6.5757818765036085,1247,13.158536585365853,Ensemble,2024
3.1999999999999993,87.37541528239203,6.4784053156146175,1204,13.487179487179487,Ensemble,2024
3.2999999999999994,86.22183708838821,6.065857885615252,1154,14.214285714285714,Ensemble,2024
3.3999999999999995,87.90510295434198,6.087735004476276,1117,14.439705882352941,Ensemble,2024
3.499999999999999,88.45303867403315,5.985267034990792,1086,14.778461538461537,Ensemble,2024
3.599999999999999,86.3444976076555,5.454545454545454,1045,15.829824561403507,Ensemble,2024
3.6999999999999993,86.75121951219512,5.365853658536586,1025,16.167272727272724,Ensemble,2024
3.7999999999999994,85.65737051792829,5.079681274900398,1004,16.862745098039216,Ensemble,2024
3.8999999999999995,85.79218106995886,4.938271604938271,972,17.372916666666665,Ensemble,2024
3.999999999999999,86.45877378435519,4.862579281183932,946,17.780434782608694,Ensemble,2024
0.5,77.5940170940171,13.803418803418804,2340,5.630650154798761,V15_Binary（的中型）,2025
0.6,78.13186813186812,12.337662337662337,2002,6.344939271255061,V15_Binary（的中型）,2025
0.7,75.8997722095672,10.82004555808656,1756,7.014736842105264,V15_Binary（的中型）,2025
0.7999999999999999,78.92338177014531,10.23778071334214,1514,7.709032258064517,V15_Binary（的中型）,2025
0.8999999999999999,78.59479553903344,9.368029739776953,1345,8.38968253968254,V15_Binary（的中型）,2025
0.9999999999999999,80.34982935153585,8.617747440273039,1172,9.323762376237624,V15_Binary（的中型）,2025
1.0999999999999999,80.74038461538461,7.788461538461538,1040,10.366666666666667,V15_Binary（的中型）,2025
1.1999999999999997,85.00539374325781,7.659115426105717,927,11.098591549295778,V15_Binary（的中型）,2025
1.2999999999999998,85.51312649164679,7.279236276849642,838,11.747540983606559,V15_Binary（的中型）,2025
1.4,83.18181818181817,6.493506493506493,770,12.810000000000002,V15_Binary（的中型）,2025
1.4999999999999998,83.36734693877551,6.2682215743440235,686,13.300000000000002,V15_Binary（的中型）,2025
1.5999999999999996,87.46105919003115,6.386292834890965,642,13.695121951219512,V15_Binary（的中型）,2025
1.6999999999999997,83.013698630137,5.650684931506849,584,14.690909090909091,V15_Binary（的中型）,2025
1.7999999999999998,81.6448598130841,4.859813084112149,535,16.799999999999997,V15_Binary（的中型）,2025
1.8999999999999997,84.31411530815109,4.970178926441352,503,16.964,V15_Binary（的中型）,2025
1.9999999999999996,77.97849462365592,4.301075268817205,465,18.13,V15_Binary（的中型）,2025
2.0999999999999996,77.51693002257336,4.063205417607223,443,19.077777777777776,V15_Binary（的中型）,2025
2.1999999999999997,79.38725490196077,3.9215686274509802,408,20.24375,V15_Binary（的中型）,2025
2.3,72.74406332453826,3.430079155672823,379,21.207692307692305,V15_Binary（的中型）,2025
2.3999999999999995,76.58333333333333,3.6111111111111107,360,21.207692307692305,V15_Binary（的中型）,2025
2.4999999999999996,72.6608187134503,3.216374269005848,342,22.59090909090909,V15_Binary（的中型）,2025
2.5999999999999996,78.39116719242902,3.4700315457413247,317,22.59090909090909,V15_Binary（的中型）,2025
2.6999999999999993,63.48993288590604,2.684563758389262,298,23.65,V15_Binary（的中型）,2025
2.7999999999999994,66.15384615384615,2.797202797202797,286,23.65,V15_Binary（的中型）,2025
2.8999999999999995,58.921933085501855,2.6022304832713754,269,22.642857142857142,V15_Binary（的中型）,2025
2.9999999999999996,53.03501945525292,1.9455252918287937,257,27.26,V15_Binary（的中型）,2025
3.0999999999999996,53.539094650205755,1.646090534979424,243,32.525,V15_Binary（的中型）,2025
3.1999999999999993,56.07758620689655,1.7241379310344827,232,32.525,V15_Binary（的中型）,2025
3.2999999999999994,58.6036036036036,1.8018018018018018,222,32.525,V15_Binary（的中型）,2025
3.3999999999999995,63.155339805825236,1.9417475728155338,206,32.525,V15_Binary（的中型）,2025
3.499999999999999,64.0886699507389,1.9704433497536946,203,32.525,V15_Binary（的中型）,2025
3.599999999999999,66.37755102040816,2.0408163265306123,196,32.525,V15_Binary（的中型）,2025
3.6999999999999993,69.94623655913979,2.1505376344086025,186,32.525,V15_Binary（的中型）,2025
3.7999999999999994,71.87845303867402,2.209944751381215,181,32.525,V15_Binary（的中型）,2025
3.8999999999999995,74.77011494252874,2.2988505747126435,174,32.525,V15_Binary（的中型）,2025
3.999999999999999,78.37349397590361,2.4096385542168677,166,32.525,V15_Binary（的中型）,2025
0.5,72.98118668596237,17.424023154848044,3455,4.188538205980066,V4.4_Residual（穴馬検出型）,2025
0.6,72.98118668596237,17.424023154848044,3455,4.188538205980066,V4.4_Residual（穴馬検出型）,2025
0.7,72.98118668596237,17.424023154848044,3455,4.188538205980066,V4.4_Residual（穴馬検出型）,2025
0.7999999999999999,72.97046902142444,17.40011580775912,3454,4.1936772046589015,V4.4_Residual（穴馬検出型）,2025
0.8999999999999999,72.9341838213975,17.309365033342996,3449,4.21356783919598,V4.4_Residual（穴馬検出型）,2025
0.9999999999999999,72.95454545454545,17.103729603729604,3432,4.26541737649063,V4.4_Residual（穴馬検出型）,2025
1.0999999999999999,72.88224956063269,16.84241359109549,3414,4.327304347826088,V4.4_Residual（穴馬検出型）,2025
1.1999999999999997,72.70574304322083,16.37063351095323,3378,4.44122965641953,V4.4_Residual（穴馬検出型）,2025
1.2999999999999998,72.8018018018018,15.975975975975976,3330,4.556954887218046,V4.4_Residual（穴馬検出型）,2025
1.4,72.61824839792493,15.410436374732988,3277,4.712277227722772,V4.4_Residual（穴馬検出型）,2025
1.4999999999999998,72.43176178660049,14.888337468982629,3224,4.864999999999999,V4.4_Residual（穴馬検出型）,2025
1.5999999999999996,72.60239445494643,14.61877756773787,3174,4.966379310344828,V4.4_Residual（穴馬検出型）,2025
1.6999999999999997,72.76705276705276,14.285714285714285,3108,5.093693693693694,V4.4_Residual（穴馬検出型）,2025
1.7999999999999998,72.8655737704918,13.967213114754099,3050,5.2169014084507035,V4.4_Residual（穴馬検出型）,2025
1.8999999999999997,72.3415610406938,13.44229486324216,2998,5.381637717121588,V4.4_Residual（穴馬検出型）,2025
1.9999999999999996,72.06273440163655,12.956017729287419,2933,5.562105263157895,V4.4_Residual（穴馬検出型）,2025
2.0999999999999996,71.61087866108787,12.447698744769875,2868,5.752941176470589,V4.4_Residual（穴馬検出型）,2025
2.1999999999999997,71.12259444048468,11.938702779757662,2806,5.957313432835821,V4.4_Residual（穴馬検出型）,2025
2.3,70.97853765005456,11.604219716260458,2749,6.116614420062695,V4.4_Residual（穴馬検出型）,2025
2.3999999999999995,70.75401269130272,11.198208286674133,2679,6.318333333333333,V4.4_Residual（穴馬検出型）,2025
2.4999999999999996,70.67402894135569,10.92916984006093,2626,6.466550522648084,V4.4_Residual（穴馬検出型）,2025
2.5999999999999996,69.38664596273291,10.326086956521738,2576,6.719548872180451,V4.4_Residual（穴馬検出型）,2025
2.6999999999999993,68.60769535898453,9.877032923443078,2521,6.946184738955823,V4.4_Residual（穴馬検出型）,2025
2.7999999999999994,68.34821428571428,9.577922077922079,2464,7.136016949152542,V4.4_Residual（穴馬検出型）,2025
2.8999999999999995,67.79485049833886,9.177740863787376,2408,7.386877828054299,V4.4_Residual（穴馬検出型）,2025
2.9999999999999996,67.98227100042212,9.07555930772478,2369,7.490697674418605,V4.4_Residual（穴馬検出型）,2025
3.0999999999999996,68.17120622568093,8.906182447038479,2313,7.654368932038836,V4.4_Residual（穴馬検出型）,2025
3.1999999999999993,68.38481906443072,8.7819947043248,2266,7.786934673366835,V4.4_Residual（穴馬検出型）,2025
3.2999999999999994,68.8352144469526,8.713318284424378,2215,7.9,V4.4_Residual（穴馬検出型）,2025
3.3999999999999995,68.11355311355311,8.424908424908425,2184,8.084782608695651,V4.4_Residual（穴馬検出型）,2025
3.499999999999999,67.57860159549507,8.118254340685125,2131,8.3242774566474,V4.4_Residual（穴馬検出型）,2025
3.599999999999999,66.763862332696,7.791586998087954,2092,8.56871165644172,V4.4_Residual（穴馬検出型）,2025
3.6999999999999993,66.22484045164457,7.511045655375552,2037,8.816993464052288,V4.4_Residual（穴馬検出型）,2025
3.7999999999999994,65.02505010020042,7.114228456913827,1996,9.140140845070423,V4.4_Residual（穴馬検出型）,2025
3.8999999999999995,64.31562819203268,6.8437180796731365,1958,9.397761194029853,V4.4_Residual（穴馬検出型）,2025
3.999999999999999,62.89832285115303,6.39412997903564,1908,9.83688524590164,V4.4_Residual（穴馬検出型）,2025
0.5,73.80579710144927,19.565217391304348,3450,3.7722962962962967,Ensemble,2025
0.6,73.79924131893785,19.258826962357748,3427,3.831969696969697,Ensemble,2025
0.7,73.7344398340249,18.672199170124482,3374,3.9488888888888893,Ensemble,2025
0.7999999999999999,73.45954198473284,17.61832061068702,3275,4.1694974003466205,Ensemble,2025
0.8999999999999999,74.04046791021182,17.07239962061334,3163,4.3368518518518515,Ensemble,2025
0.9999999999999999,73.77016792887717,16.068488640105365,3037,4.590983606557377,Ensemble,2025
1.0999999999999999,73.96427344555136,15.38990037787702,2911,4.806026785714286,Ensemble,2025
1.1999999999999997,73.46388789076535,14.444843693855553,2783,5.085820895522388,Ensemble,2025
1.2999999999999998,73.62335216572505,13.822975517890773,2655,5.326158038147139,Ensemble,2025
1.4,73.36227308603,13.14127861089187,2534,5.5825825825825826,Ensemble,2025
1.4999999999999998,72.47116968698518,12.397034596375619,2428,5.845847176079735,Ensemble,2025
1.5999999999999996,71.1062906724512,11.40997830802603,2305,6.231939163498099,Ensemble,2025
1.6999999999999997,70.03193430656934,10.583941605839415,2192,6.616810344827586,Ensemble,2025
1.7999999999999998,70.8597502401537,10.326609029779059,2082,6.86186046511628,Ensemble,2025
1.8999999999999997,71.20445344129554,10.020242914979757,1976,7.106060606060606,Ensemble,2025
1.9999999999999996,70.55172413793103,9.442970822281167,1885,7.471348314606742,Ensemble,2025
2.0999999999999996,70.58133035215204,9.111235326998324,1789,7.746625766871167,Ensemble,2025
2.1999999999999997,70.21574344023323,8.746355685131196,1715,8.028000000000002,Ensemble,2025
2.3,69.8046398046398,8.363858363858363,1638,8.345985401459854,Ensemble,2025
2.3999999999999995,69.10589727330374,7.989854153455929,1577,8.649206349206349,Ensemble,2025
2.4999999999999996,68.14030443414958,7.5446724023825285,1511,9.03157894736842,Ensemble,2025
2.5999999999999996,64.8705388383485,6.648005598320504,1429,9.757894736842106,Ensemble,2025
2.6999999999999993,63.73090909090908,6.254545454545454,1375,10.189534883720931,Ensemble,2025
2.7999999999999994,64.88301886792452,6.264150943396227,1325,10.357831325301207,Ensemble,2025
2.8999999999999995,64.01249024199845,5.932864949258392,1281,10.789473684210527,Ensemble,2025
2.9999999999999996,64.88997555012226,5.8679706601467,1227,11.058333333333334,Ensemble,2025
3.0999999999999996,64.24242424242425,5.63973063973064,1188,11.391044776119402,Ensemble,2025
3.1999999999999993,65.35467128027682,5.709342560553633,1156,11.446969696969699,Ensemble,2025
3.2999999999999994,65.97670250896057,5.64516129032258,1116,11.687301587301588,Ensemble,2025
3.3999999999999995,65.88724584103511,5.545286506469501,1082,11.881666666666668,Ensemble,2025
3.499999999999999,66.38195777351247,5.47024952015355,1042,12.135087719298246,Ensemble,2025
3.599999999999999,65.6206554121152,5.263157894736842,1007,12.467924528301888,Ensemble,2025
3.6999999999999993,67.63561924257931,5.424769703172978,977,12.467924528301888,Ensemble,2025
3.7999999999999994,67.19112988384371,5.279831045406547,947,12.725999999999999,Ensemble,2025
3.8999999999999995,66.53260869565217,5.108695652173913,920,13.02340425531915,Ensemble,2025
3.999999999999999,64.78747203579418,4.809843400447427,894,13.469767441860466,Ensemble,2025
