feature,importance,year,roi
horse_win_rate,0.0,2025,66.85962373371925
horse_top3_rate,197.4550018310547,2025,66.85962373371925
horse_avg_finish,0.0,2025,66.85962373371925
horse_total_races,1095.81005859375,2025,66.85962373371925
horse_last_finish,5721.66015625,2025,66.85962373371925
horse_last3_avg_finish,13873.7919921875,2025,66.85962373371925
horse_days_since_last,0.0,2025,66.85962373371925
horse_last3f_avg,0.0,2025,66.85962373371925
jockey_win_rate,3201.2719116210938,2025,66.85962373371925
jockey_top3_rate,7091.5679931640625,2025,66.85962373371925
jockey_races,0.0,2025,66.85962373371925
trainer_win_rate,0.0,2025,66.85962373371925
trainer_top3_rate,0.0,2025,66.85962373371925
trainer_races,0.0,2025,66.85962373371925
sire_win_rate,0.0,2025,66.85962373371925
sire_races,0.0,2025,66.85962373371925
horse_avg_c4_pos,202.2209930419922,2025,66.85962373371925
horse_avg_c4_gap,1187.0420227050781,2025,66.85962373371925
horse_running_style,0.0,2025,66.85962373371925
venue_pace_avg,0.0,2025,66.85962373371925
bracket_bias,0.0,2025,66.85962373371925
distance_category_encoded,0.0,2025,66.85962373371925
track_condition_encoded,0.0,2025,66.85962373371925
track_surface_encoded,0.0,2025,66.85962373371925
bracket_number,0.0,2025,66.85962373371925
horse_weight,0.0,2025,66.85962373371925
age,0.0,2025,66.85962373371925
sex_encoded,0.0,2025,66.85962373371925
distance_m,0.0,2025,66.85962373371925
basis_weight,0.0,2025,66.85962373371925
field_size,0.0,2025,66.85962373371925
race_class,0.0,2025,66.85962373371925
prev_race_class,0.0,2025,66.85962373371925
class_change,0.0,2025,66.85962373371925
is_class_up,0.0,2025,66.85962373371925
is_class_down,0.0,2025,66.85962373371925
weight_trend,0.0,2025,66.85962373371925
horse_last3f_rank_avg,0.0,2025,66.85962373371925
horse_c4_leader_rate,0.0,2025,66.85962373371925
is_chitose_bred,0.0,2025,66.85962373371925
rest_days_optimal,0.0,2025,66.85962373371925
heavy_track_fit,0.0,2025,66.85962373371925
prev_finish_category,1418.6179809570312,2025,66.85962373371925
distance_change,0.0,2025,66.85962373371925
distance_extend_flag,0.0,2025,66.85962373371925
surface_switch_flag,0.0,2025,66.85962373371925
basis_weight_light_flag,0.0,2025,66.85962373371925
horse_position_improvement_avg,0.0,2025,66.85962373371925
horse_front_runner_rate,0.0,2025,66.85962373371925
venue_expected_pace,0.0,2025,66.85962373371925
pace_style_match_score,0.0,2025,66.85962373371925
race_front_runner_count,0.0,2025,66.85962373371925
horse_c4_gap_avg,0.0,2025,66.85962373371925
post_style_conflict,0.0,2025,66.85962373371925
front_runner_competition,0.0,2025,66.85962373371925
course_corner_count,0.0,2025,66.85962373371925
course_start_to_corner_m,0.0,2025,66.85962373371925
course_final_straight_m,0.0,2025,66.85962373371925
course_slope_percent,0.0,2025,66.85962373371925
course_is_outer,0.0,2025,66.85962373371925
course_turn_direction,0.0,2025,66.85962373371925
straight_ratio,0.0,2025,66.85962373371925
is_long_straight,0.0,2025,66.85962373371925
style_straight_match,0.0,2025,66.85962373371925
front_slope_disadvantage,0.0,2025,66.85962373371925
closer_long_straight_advantage,0.0,2025,66.85962373371925
horse_win_rate,0.0,2024,83.65083960625363
horse_top3_rate,8182.048843383789,2024,83.65083960625363
horse_avg_finish,2148.0520401000977,2024,83.65083960625363
horse_total_races,652.8208961486816,2024,83.65083960625363
horse_last_finish,66499.54348754883,2024,83.65083960625363
horse_last3_avg_finish,56280.76207733154,2024,83.65083960625363
horse_days_since_last,314.83260345458984,2024,83.65083960625363
horse_last3f_avg,0.0,2024,83.65083960625363
jockey_win_rate,14294.18692779541,2024,83.65083960625363
jockey_top3_rate,26917.748107910156,2024,83.65083960625363
jockey_races,0.0,2024,83.65083960625363
trainer_win_rate,786.0720062255859,2024,83.65083960625363
trainer_top3_rate,459.22540283203125,2024,83.65083960625363
trainer_races,0.0,2024,83.65083960625363
sire_win_rate,0.0,2024,83.65083960625363
sire_races,0.0,2024,83.65083960625363
horse_avg_c4_pos,885.351318359375,2024,83.65083960625363
horse_avg_c4_gap,13540.759281158447,2024,83.65083960625363
horse_running_style,145.875,2024,83.65083960625363
venue_pace_avg,0.0,2024,83.65083960625363
bracket_bias,0.0,2024,83.65083960625363
distance_category_encoded,0.0,2024,83.65083960625363
track_condition_encoded,0.0,2024,83.65083960625363
track_surface_encoded,0.0,2024,83.65083960625363
bracket_number,0.0,2024,83.65083960625363
horse_weight,0.0,2024,83.65083960625363
age,358.4872055053711,2024,83.65083960625363
sex_encoded,0.0,2024,83.65083960625363
distance_m,0.0,2024,83.65083960625363
basis_weight,10.993800163269043,2024,83.65083960625363
field_size,0.0,2024,83.65083960625363
race_class,863.0393981933594,2024,83.65083960625363
prev_race_class,85.20279693603516,2024,83.65083960625363
class_change,0.0,2024,83.65083960625363
is_class_up,0.0,2024,83.65083960625363
is_class_down,0.0,2024,83.65083960625363
weight_trend,0.0,2024,83.65083960625363
horse_last3f_rank_avg,0.0,2024,83.65083960625363
horse_c4_leader_rate,0.0,2024,83.65083960625363
is_chitose_bred,0.0,2024,83.65083960625363
rest_days_optimal,0.0,2024,83.65083960625363
heavy_track_fit,794.4042015075684,2024,83.65083960625363
prev_finish_category,14772.228317260742,2024,83.65083960625363
distance_change,430.8320007324219,2024,83.65083960625363
distance_extend_flag,0.0,2024,83.65083960625363
surface_switch_flag,4028.9039916992188,2024,83.65083960625363
basis_weight_light_flag,0.0,2024,83.65083960625363
horse_position_improvement_avg,0.0,2024,83.65083960625363
horse_front_runner_rate,12894.51545715332,2024,83.65083960625363
venue_expected_pace,0.0,2024,83.65083960625363
pace_style_match_score,0.0,2024,83.65083960625363
race_front_runner_count,0.0,2024,83.65083960625363
horse_c4_gap_avg,2532.820960998535,2024,83.65083960625363
post_style_conflict,4801.957046508789,2024,83.65083960625363
front_runner_competition,0.0,2024,83.65083960625363
course_corner_count,0.0,2024,83.65083960625363
course_start_to_corner_m,0.0,2024,83.65083960625363
course_final_straight_m,0.0,2024,83.65083960625363
course_slope_percent,0.0,2024,83.65083960625363
course_is_outer,0.0,2024,83.65083960625363
course_turn_direction,0.0,2024,83.65083960625363
straight_ratio,0.0,2024,83.65083960625363
is_long_straight,0.0,2024,83.65083960625363
style_straight_match,273.5363998413086,2024,83.65083960625363
front_slope_disadvantage,0.0,2024,83.65083960625363
closer_long_straight_advantage,0.0,2024,83.65083960625363
horse_win_rate,0.0,2023,81.99942129629628
horse_top3_rate,4357.043060302734,2023,81.99942129629628
horse_avg_finish,1743.0189819335938,2023,81.99942129629628
horse_total_races,182.5980987548828,2023,81.99942129629628
horse_last_finish,46033.263931274414,2023,81.99942129629628
horse_last3_avg_finish,39685.58464050293,2023,81.99942129629628
horse_days_since_last,283.1520004272461,2023,81.99942129629628
horse_last3f_avg,0.0,2023,81.99942129629628
jockey_win_rate,9089.850135803223,2023,81.99942129629628
jockey_top3_rate,22430.963806152344,2023,81.99942129629628
jockey_races,0.0,2023,81.99942129629628
trainer_win_rate,0.0,2023,81.99942129629628
trainer_top3_rate,0.0,2023,81.99942129629628
trainer_races,0.0,2023,81.99942129629628
sire_win_rate,0.0,2023,81.99942129629628
sire_races,0.0,2023,81.99942129629628
horse_avg_c4_pos,399.1169891357422,2023,81.99942129629628
horse_avg_c4_gap,8846.546661376953,2023,81.99942129629628
horse_running_style,0.0,2023,81.99942129629628
venue_pace_avg,0.0,2023,81.99942129629628
bracket_bias,0.0,2023,81.99942129629628
distance_category_encoded,0.0,2023,81.99942129629628
track_condition_encoded,0.0,2023,81.99942129629628
track_surface_encoded,0.0,2023,81.99942129629628
bracket_number,0.0,2023,81.99942129629628
horse_weight,0.0,2023,81.99942129629628
age,0.0,2023,81.99942129629628
sex_encoded,0.0,2023,81.99942129629628
distance_m,0.0,2023,81.99942129629628
basis_weight,0.0,2023,81.99942129629628
field_size,0.0,2023,81.99942129629628
race_class,265.92029571533203,2023,81.99942129629628
prev_race_class,0.0,2023,81.99942129629628
class_change,0.0,2023,81.99942129629628
is_class_up,0.0,2023,81.99942129629628
is_class_down,0.0,2023,81.99942129629628
weight_trend,0.0,2023,81.99942129629628
horse_last3f_rank_avg,242.4739990234375,2023,81.99942129629628
horse_c4_leader_rate,0.0,2023,81.99942129629628
is_chitose_bred,0.0,2023,81.99942129629628
rest_days_optimal,0.0,2023,81.99942129629628
heavy_track_fit,458.9969940185547,2023,81.99942129629628
prev_finish_category,10079.887599945068,2023,81.99942129629628
distance_change,439.07398986816406,2023,81.99942129629628
distance_extend_flag,0.0,2023,81.99942129629628
surface_switch_flag,2030.0270080566406,2023,81.99942129629628
basis_weight_light_flag,0.0,2023,81.99942129629628
horse_position_improvement_avg,0.0,2023,81.99942129629628
horse_front_runner_rate,8262.290954589844,2023,81.99942129629628
venue_expected_pace,0.0,2023,81.99942129629628
pace_style_match_score,0.0,2023,81.99942129629628
race_front_runner_count,0.0,2023,81.99942129629628
horse_c4_gap_avg,801.10302734375,2023,81.99942129629628
post_style_conflict,2199.6710205078125,2023,81.99942129629628
front_runner_competition,0.0,2023,81.99942129629628
course_corner_count,0.0,2023,81.99942129629628
course_start_to_corner_m,0.0,2023,81.99942129629628
course_final_straight_m,0.0,2023,81.99942129629628
course_slope_percent,0.0,2023,81.99942129629628
course_is_outer,0.0,2023,81.99942129629628
course_turn_direction,0.0,2023,81.99942129629628
straight_ratio,0.0,2023,81.99942129629628
is_long_straight,0.0,2023,81.99942129629628
style_straight_match,0.0,2023,81.99942129629628
front_slope_disadvantage,0.0,2023,81.99942129629628
closer_long_straight_advantage,0.0,2023,81.99942129629628
horse_win_rate,0.0,2022,77.75752314814815
horse_top3_rate,3803.0830154418945,2022,77.75752314814815
horse_avg_finish,184.60050201416016,2022,77.75752314814815
horse_total_races,863.1296768188477,2022,77.75752314814815
horse_last_finish,43331.760513305664,2022,77.75752314814815
horse_last3_avg_finish,33397.90852355957,2022,77.75752314814815
horse_days_since_last,295.4996032714844,2022,77.75752314814815
horse_last3f_avg,0.0,2022,77.75752314814815
jockey_win_rate,9318.319232940674,2022,77.75752314814815
jockey_top3_rate,19006.086559295654,2022,77.75752314814815
jockey_races,0.0,2022,77.75752314814815
trainer_win_rate,0.0,2022,77.75752314814815
trainer_top3_rate,0.0,2022,77.75752314814815
trainer_races,0.0,2022,77.75752314814815
sire_win_rate,0.0,2022,77.75752314814815
sire_races,0.0,2022,77.75752314814815
horse_avg_c4_pos,270.0190124511719,2022,77.75752314814815
horse_avg_c4_gap,9971.307998657227,2022,77.75752314814815
horse_running_style,119.85299682617188,2022,77.75752314814815
venue_pace_avg,0.0,2022,77.75752314814815
bracket_bias,0.0,2022,77.75752314814815
distance_category_encoded,0.0,2022,77.75752314814815
track_condition_encoded,0.0,2022,77.75752314814815
track_surface_encoded,0.0,2022,77.75752314814815
bracket_number,0.0,2022,77.75752314814815
horse_weight,0.0,2022,77.75752314814815
age,83.91429901123047,2022,77.75752314814815
sex_encoded,0.0,2022,77.75752314814815
distance_m,0.0,2022,77.75752314814815
basis_weight,0.0,2022,77.75752314814815
field_size,0.0,2022,77.75752314814815
race_class,181.13520431518555,2022,77.75752314814815
prev_race_class,0.0,2022,77.75752314814815
class_change,0.0,2022,77.75752314814815
is_class_up,0.0,2022,77.75752314814815
is_class_down,0.0,2022,77.75752314814815
weight_trend,0.0,2022,77.75752314814815
horse_last3f_rank_avg,0.0,2022,77.75752314814815
horse_c4_leader_rate,0.0,2022,77.75752314814815
is_chitose_bred,0.0,2022,77.75752314814815
rest_days_optimal,0.0,2022,77.75752314814815
heavy_track_fit,522.5037117004395,2022,77.75752314814815
prev_finish_category,8912.742820739746,2022,77.75752314814815
distance_change,389.29959869384766,2022,77.75752314814815
distance_extend_flag,0.0,2022,77.75752314814815
surface_switch_flag,1740.50830078125,2022,77.75752314814815
basis_weight_light_flag,0.0,2022,77.75752314814815
horse_position_improvement_avg,0.0,2022,77.75752314814815
horse_front_runner_rate,5785.070846557617,2022,77.75752314814815
venue_expected_pace,0.0,2022,77.75752314814815
pace_style_match_score,0.0,2022,77.75752314814815
race_front_runner_count,0.0,2022,77.75752314814815
horse_c4_gap_avg,0.0,2022,77.75752314814815
post_style_conflict,1831.4539947509766,2022,77.75752314814815
front_runner_competition,158.10400390625,2022,77.75752314814815
course_corner_count,0.0,2022,77.75752314814815
course_start_to_corner_m,0.0,2022,77.75752314814815
course_final_straight_m,0.0,2022,77.75752314814815
course_slope_percent,0.0,2022,77.75752314814815
course_is_outer,0.0,2022,77.75752314814815
course_turn_direction,0.0,2022,77.75752314814815
straight_ratio,0.0,2022,77.75752314814815
is_long_straight,0.0,2022,77.75752314814815
style_straight_match,0.0,2022,77.75752314814815
front_slope_disadvantage,0.0,2022,77.75752314814815
closer_long_straight_advantage,0.0,2022,77.75752314814815
horse_win_rate,0.0,2021,79.88136574074073
horse_top3_rate,83.47090148925781,2021,79.88136574074073
horse_avg_finish,0.0,2021,79.88136574074073
horse_total_races,626.9710083007812,2021,79.88136574074073
horse_last_finish,5436.14794921875,2021,79.88136574074073
horse_last3_avg_finish,8101.9300537109375,2021,79.88136574074073
horse_days_since_last,0.0,2021,79.88136574074073
horse_last3f_avg,0.0,2021,79.88136574074073
jockey_win_rate,104.5199966430664,2021,79.88136574074073
jockey_top3_rate,4861.252960205078,2021,79.88136574074073
jockey_races,0.0,2021,79.88136574074073
trainer_win_rate,0.0,2021,79.88136574074073
trainer_top3_rate,0.0,2021,79.88136574074073
trainer_races,0.0,2021,79.88136574074073
sire_win_rate,0.0,2021,79.88136574074073
sire_races,0.0,2021,79.88136574074073
horse_avg_c4_pos,140.49099731445312,2021,79.88136574074073
horse_avg_c4_gap,323.2669982910156,2021,79.88136574074073
horse_running_style,0.0,2021,79.88136574074073
venue_pace_avg,0.0,2021,79.88136574074073
bracket_bias,0.0,2021,79.88136574074073
distance_category_encoded,0.0,2021,79.88136574074073
track_condition_encoded,0.0,2021,79.88136574074073
track_surface_encoded,0.0,2021,79.88136574074073
bracket_number,0.0,2021,79.88136574074073
horse_weight,0.0,2021,79.88136574074073
age,0.0,2021,79.88136574074073
sex_encoded,0.0,2021,79.88136574074073
distance_m,0.0,2021,79.88136574074073
basis_weight,0.0,2021,79.88136574074073
field_size,0.0,2021,79.88136574074073
race_class,0.0,2021,79.88136574074073
prev_race_class,0.0,2021,79.88136574074073
class_change,0.0,2021,79.88136574074073
is_class_up,0.0,2021,79.88136574074073
is_class_down,0.0,2021,79.88136574074073
weight_trend,0.0,2021,79.88136574074073
horse_last3f_rank_avg,0.0,2021,79.88136574074073
horse_c4_leader_rate,0.0,2021,79.88136574074073
is_chitose_bred,0.0,2021,79.88136574074073
rest_days_optimal,0.0,2021,79.88136574074073
heavy_track_fit,0.0,2021,79.88136574074073
prev_finish_category,1705.3009643554688,2021,79.88136574074073
distance_change,100.80500030517578,2021,79.88136574074073
distance_extend_flag,0.0,2021,79.88136574074073
surface_switch_flag,0.0,2021,79.88136574074073
basis_weight_light_flag,0.0,2021,79.88136574074073
horse_position_improvement_avg,0.0,2021,79.88136574074073
horse_front_runner_rate,0.0,2021,79.88136574074073
venue_expected_pace,0.0,2021,79.88136574074073
pace_style_match_score,0.0,2021,79.88136574074073
race_front_runner_count,0.0,2021,79.88136574074073
horse_c4_gap_avg,0.0,2021,79.88136574074073
post_style_conflict,0.0,2021,79.88136574074073
front_runner_competition,0.0,2021,79.88136574074073
course_corner_count,0.0,2021,79.88136574074073
course_start_to_corner_m,0.0,2021,79.88136574074073
course_final_straight_m,0.0,2021,79.88136574074073
course_slope_percent,0.0,2021,79.88136574074073
course_is_outer,0.0,2021,79.88136574074073
course_turn_direction,0.0,2021,79.88136574074073
straight_ratio,0.0,2021,79.88136574074073
is_long_straight,0.0,2021,79.88136574074073
style_straight_match,0.0,2021,79.88136574074073
front_slope_disadvantage,0.0,2021,79.88136574074073
closer_long_straight_advantage,0.0,2021,79.88136574074073
horse_win_rate,0.0,2020,79.21296296296296
horse_top3_rate,974.7080078125,2020,79.21296296296296
horse_avg_finish,174.7570037841797,2020,79.21296296296296
horse_total_races,0.0,2020,79.21296296296296
horse_last_finish,4777.267990112305,2020,79.21296296296296
horse_last3_avg_finish,6156.239990234375,2020,79.21296296296296
horse_days_since_last,0.0,2020,79.21296296296296
horse_last3f_avg,0.0,2020,79.21296296296296
jockey_win_rate,57.05220031738281,2020,79.21296296296296
jockey_top3_rate,3454.8769912719727,2020,79.21296296296296
jockey_races,0.0,2020,79.21296296296296
trainer_win_rate,0.0,2020,79.21296296296296
trainer_top3_rate,0.0,2020,79.21296296296296
trainer_races,0.0,2020,79.21296296296296
sire_win_rate,0.0,2020,79.21296296296296
sire_races,0.0,2020,79.21296296296296
horse_avg_c4_pos,179.3350067138672,2020,79.21296296296296
horse_avg_c4_gap,193.5850067138672,2020,79.21296296296296
horse_running_style,0.0,2020,79.21296296296296
venue_pace_avg,0.0,2020,79.21296296296296
bracket_bias,0.0,2020,79.21296296296296
distance_category_encoded,0.0,2020,79.21296296296296
track_condition_encoded,0.0,2020,79.21296296296296
track_surface_encoded,0.0,2020,79.21296296296296
bracket_number,0.0,2020,79.21296296296296
horse_weight,0.0,2020,79.21296296296296
age,0.0,2020,79.21296296296296
sex_encoded,0.0,2020,79.21296296296296
distance_m,0.0,2020,79.21296296296296
basis_weight,0.0,2020,79.21296296296296
field_size,0.0,2020,79.21296296296296
race_class,0.0,2020,79.21296296296296
prev_race_class,0.0,2020,79.21296296296296
class_change,0.0,2020,79.21296296296296
is_class_up,0.0,2020,79.21296296296296
is_class_down,0.0,2020,79.21296296296296
weight_trend,0.0,2020,79.21296296296296
horse_last3f_rank_avg,0.0,2020,79.21296296296296
horse_c4_leader_rate,0.0,2020,79.21296296296296
is_chitose_bred,0.0,2020,79.21296296296296
rest_days_optimal,0.0,2020,79.21296296296296
heavy_track_fit,0.0,2020,79.21296296296296
prev_finish_category,1397.2499694824219,2020,79.21296296296296
distance_change,118.33499908447266,2020,79.21296296296296
distance_extend_flag,0.0,2020,79.21296296296296
surface_switch_flag,282.05999755859375,2020,79.21296296296296
basis_weight_light_flag,0.0,2020,79.21296296296296
horse_position_improvement_avg,0.0,2020,79.21296296296296
horse_front_runner_rate,0.0,2020,79.21296296296296
venue_expected_pace,0.0,2020,79.21296296296296
pace_style_match_score,0.0,2020,79.21296296296296
race_front_runner_count,0.0,2020,79.21296296296296
horse_c4_gap_avg,0.0,2020,79.21296296296296
post_style_conflict,0.0,2020,79.21296296296296
front_runner_competition,0.0,2020,79.21296296296296
course_corner_count,0.0,2020,79.21296296296296
course_start_to_corner_m,0.0,2020,79.21296296296296
course_final_straight_m,0.0,2020,79.21296296296296
course_slope_percent,0.0,2020,79.21296296296296
course_is_outer,0.0,2020,79.21296296296296
course_turn_direction,0.0,2020,79.21296296296296
straight_ratio,0.0,2020,79.21296296296296
is_long_straight,0.0,2020,79.21296296296296
style_straight_match,0.0,2020,79.21296296296296
front_slope_disadvantage,0.0,2020,79.21296296296296
closer_long_straight_advantage,0.0,2020,79.21296296296296
horse_win_rate,0.0,2019,72.0944380069525
horse_top3_rate,3678.1187953948975,2019,72.0944380069525
horse_avg_finish,773.8926086425781,2019,72.0944380069525
horse_total_races,715.8787002563477,2019,72.0944380069525
horse_last_finish,31032.827417373657,2019,72.0944380069525
horse_last3_avg_finish,24986.40247440338,2019,72.0944380069525
horse_days_since_last,216.61370468139648,2019,72.0944380069525
horse_last3f_avg,0.0,2019,72.0944380069525
jockey_win_rate,4553.708943367004,2019,72.0944380069525
jockey_top3_rate,12577.717782974243,2019,72.0944380069525
jockey_races,15.078200340270996,2019,72.0944380069525
trainer_win_rate,148.55799865722656,2019,72.0944380069525
trainer_top3_rate,408.9641914367676,2019,72.0944380069525
trainer_races,10.555700302124023,2019,72.0944380069525
sire_win_rate,0.0,2019,72.0944380069525
sire_races,4.802130222320557,2019,72.0944380069525
horse_avg_c4_pos,670.6286010742188,2019,72.0944380069525
horse_avg_c4_gap,9931.55466079712,2019,72.0944380069525
horse_running_style,0.0,2019,72.0944380069525
venue_pace_avg,0.0,2019,72.0944380069525
bracket_bias,0.0,2019,72.0944380069525
distance_category_encoded,0.0,2019,72.0944380069525
track_condition_encoded,0.0,2019,72.0944380069525
track_surface_encoded,190.9759979248047,2019,72.0944380069525
bracket_number,0.0,2019,72.0944380069525
horse_weight,0.0,2019,72.0944380069525
age,219.09169578552246,2019,72.0944380069525
sex_encoded,0.0,2019,72.0944380069525
distance_m,71.09379959106445,2019,72.0944380069525
basis_weight,57.78576946258545,2019,72.0944380069525
field_size,125.21699905395508,2019,72.0944380069525
race_class,39.109100341796875,2019,72.0944380069525
prev_race_class,53.97710037231445,2019,72.0944380069525
class_change,27.941200256347656,2019,72.0944380069525
is_class_up,0.0,2019,72.0944380069525
is_class_down,13.065400123596191,2019,72.0944380069525
weight_trend,0.0,2019,72.0944380069525
horse_last3f_rank_avg,270.94535624980927,2019,72.0944380069525
horse_c4_leader_rate,0.0,2019,72.0944380069525
is_chitose_bred,0.0,2019,72.0944380069525
rest_days_optimal,0.0,2019,72.0944380069525
heavy_track_fit,621.8303937911987,2019,72.0944380069525
prev_finish_category,13781.136979341507,2019,72.0944380069525
distance_change,1298.7118368148804,2019,72.0944380069525
distance_extend_flag,291.07169342041016,2019,72.0944380069525
surface_switch_flag,5610.268129348755,2019,72.0944380069525
basis_weight_light_flag,0.0,2019,72.0944380069525
horse_position_improvement_avg,0.0,2019,72.0944380069525
horse_front_runner_rate,3844.706169128418,2019,72.0944380069525
venue_expected_pace,33.32889938354492,2019,72.0944380069525
pace_style_match_score,8.1951904296875,2019,72.0944380069525
race_front_runner_count,0.0,2019,72.0944380069525
horse_c4_gap_avg,760.1850204467773,2019,72.0944380069525
post_style_conflict,2172.226531982422,2019,72.0944380069525
front_runner_competition,189.1448974609375,2019,72.0944380069525
course_corner_count,0.0,2019,72.0944380069525
course_start_to_corner_m,0.0,2019,72.0944380069525
course_final_straight_m,30.98699951171875,2019,72.0944380069525
course_slope_percent,0.0,2019,72.0944380069525
course_is_outer,0.0,2019,72.0944380069525
course_turn_direction,0.0,2019,72.0944380069525
straight_ratio,26.385089874267578,2019,72.0944380069525
is_long_straight,0.0,2019,72.0944380069525
style_straight_match,190.36193132400513,2019,72.0944380069525
front_slope_disadvantage,0.0,2019,72.0944380069525
closer_long_straight_advantage,0.0,2019,72.0944380069525
horse_win_rate,0.0,2018,78.65373480023162
horse_top3_rate,165.0449981689453,2018,78.65373480023162
horse_avg_finish,0.0,2018,78.65373480023162
horse_total_races,0.0,2018,78.65373480023162
horse_last_finish,1511.6500244140625,2018,78.65373480023162
horse_last3_avg_finish,3488.010009765625,2018,78.65373480023162
horse_days_since_last,0.0,2018,78.65373480023162
horse_last3f_avg,314.0320129394531,2018,78.65373480023162
jockey_win_rate,128.3070068359375,2018,78.65373480023162
jockey_top3_rate,2043.343406677246,2018,78.65373480023162
jockey_races,0.0,2018,78.65373480023162
trainer_win_rate,0.0,2018,78.65373480023162
trainer_top3_rate,0.0,2018,78.65373480023162
trainer_races,0.0,2018,78.65373480023162
sire_win_rate,0.0,2018,78.65373480023162
sire_races,0.0,2018,78.65373480023162
horse_avg_c4_pos,100.3313980102539,2018,78.65373480023162
horse_avg_c4_gap,445.46851348876953,2018,78.65373480023162
horse_running_style,0.0,2018,78.65373480023162
venue_pace_avg,0.0,2018,78.65373480023162
bracket_bias,0.0,2018,78.65373480023162
distance_category_encoded,0.0,2018,78.65373480023162
track_condition_encoded,0.0,2018,78.65373480023162
track_surface_encoded,0.0,2018,78.65373480023162
bracket_number,0.0,2018,78.65373480023162
horse_weight,0.0,2018,78.65373480023162
age,0.0,2018,78.65373480023162
sex_encoded,0.0,2018,78.65373480023162
distance_m,0.0,2018,78.65373480023162
basis_weight,0.0,2018,78.65373480023162
field_size,0.0,2018,78.65373480023162
race_class,0.0,2018,78.65373480023162
prev_race_class,0.0,2018,78.65373480023162
class_change,0.0,2018,78.65373480023162
is_class_up,0.0,2018,78.65373480023162
is_class_down,0.0,2018,78.65373480023162
weight_trend,0.0,2018,78.65373480023162
horse_last3f_rank_avg,0.0,2018,78.65373480023162
horse_c4_leader_rate,0.0,2018,78.65373480023162
is_chitose_bred,0.0,2018,78.65373480023162
rest_days_optimal,0.0,2018,78.65373480023162
heavy_track_fit,0.0,2018,78.65373480023162
prev_finish_category,1420.7300109863281,2018,78.65373480023162
distance_change,357.90899658203125,2018,78.65373480023162
distance_extend_flag,0.0,2018,78.65373480023162
surface_switch_flag,322.9519958496094,2018,78.65373480023162
basis_weight_light_flag,0.0,2018,78.65373480023162
horse_position_improvement_avg,0.0,2018,78.65373480023162
horse_front_runner_rate,0.0,2018,78.65373480023162
venue_expected_pace,0.0,2018,78.65373480023162
pace_style_match_score,0.0,2018,78.65373480023162
race_front_runner_count,0.0,2018,78.65373480023162
horse_c4_gap_avg,0.0,2018,78.65373480023162
post_style_conflict,0.0,2018,78.65373480023162
front_runner_competition,0.0,2018,78.65373480023162
course_corner_count,0.0,2018,78.65373480023162
course_start_to_corner_m,0.0,2018,78.65373480023162
course_final_straight_m,0.0,2018,78.65373480023162
course_slope_percent,0.0,2018,78.65373480023162
course_is_outer,0.0,2018,78.65373480023162
course_turn_direction,0.0,2018,78.65373480023162
straight_ratio,0.0,2018,78.65373480023162
is_long_straight,0.0,2018,78.65373480023162
style_straight_match,0.0,2018,78.65373480023162
front_slope_disadvantage,0.0,2018,78.65373480023162
closer_long_straight_advantage,0.0,2018,78.65373480023162
