horse_id,race_date,venue,weather,race_number,race_name,race_id,race_grade,head_count,bracket_number,horse_number,finish_position,jockey_name,basis_weight,distance_m,track_surface,track_condition,finish_time_str,finish_time_seconds,margin_str,margin_seconds,passing_order,last_3f_time,win_odds,popularity,horse_weight,horse_weight_change
2014110029,2024-08-02,笠松,晴,11,黒留袖特別(A),202447080211,,7,1,1,33.0,2,4.0,,,,56,,ダ1400,,,,,1284.0,0.0,
2014110029,2024-04-29,笠松,曇,12,飛山濃水杯(重賞),202447042912,,12,4,4,944.0,10,12.0,,,,57,,ダ1400,,,,,1298.0,4.0,
2014110029,2024-04-01,笠松,晴,11,サクラOP(A),202447040111,,8,3,3,118.0,4,8.0,,,,56,,ダ1400,,,,,1301.0,1.0,
2014110029,2024-03-06,笠松,曇,9,夢見月特別(A),202447030609,,8,4,4,27.0,2,5.0,,,,56,,ダ1600,,,,,1419.0,1.0,
2014110029,2024-02-22,笠松,曇,9,白銀争覇(重賞),202447022209,,12,1,1,20.0,1,9.0,,,,57,,ダ1400,,,,,1289.0,1.0,
2014110029,2024-01-12,笠松,晴,11,明けの春OP(A),202447011211,,9,7,7,65.0,3,1.0,,,,56,,ダ1400,,,,,1255.0,,
2014110029,2023-12-02,5阪神1,晴,10,妙見山S(3勝クラス),202309050110,,16,3,6,3151.0,16,15.0,,,,58,,ダ1200,,,,,1139.0,2.0,
2014110029,2023-11-04,3福島1,曇,11,フルーツラインC(3勝クラス),202303030111,,13,8,13,868.0,13,10.0,,,,58,,ダ1150,,,,,1088.0,1.0,
2014110029,2023-10-09,2京都3,曇,10,大山崎S(3勝クラス),202308020310,,13,7,10,481.0,11,12.0,,,,58,,ダ1200,,,,,1141.0,2.0,
2014110029,2023-08-19,3新潟3,晴,10,上越S(3勝クラス),202304030310,,15,7,12,487.0,10,15.0,,,,58,,ダ1200,,,,,1132.0,2.0,
2014110029,2023-04-09,1福島2,晴,10,やまびこS(3勝クラス),202303010210,,13,5,6,72.0,2,12.0,,,,58,,ダ1150,,,,,1095.0,1.0,
2014110029,2022-11-06,3福島2,晴,11,フルーツラインC(3勝クラス),202203030211,,13,6,9,364.0,9,2.0,,,,57,,ダ1150,,,,,1082.0,0.0,
2014110029,2022-08-20,3新潟3,曇,10,上越S(3勝クラス),202204030310,,15,8,14,47.0,2,10.0,,,,57,,ダ1200,,,,,1117.0,1.0,
2014110029,2022-05-21,1新潟5,曇,11,八海山S(3勝クラス),202204010511,,15,8,15,172.0,6,2.0,,,,57,,ダ1200,,,,,1111.0,0.0,
2014110029,2022-04-03,2阪神4,曇,12,なにわS(3勝クラス),202209020412,,16,1,2,274.0,8,15.0,,,,57,,ダ1200,,,,,1133.0,2.0,
2014110029,2022-01-29,1中京9,晴,11,伊賀S(3勝クラス),202207010911,,16,8,16,334.0,10,15.0,,,,57,,ダ1200,,,,,1148.0,3.0,
2014110029,2021-11-07,2福島2,晴,11,フルーツラインC(3勝クラス),202103020211,,16,8,15,220.0,9,3.0,,,,57,,ダ1150,,,,,1082.0,0.0,
2014110029,2021-10-16,5新潟3,曇,11,下越S(3勝クラス),202104050311,,14,8,14,89.0,5,4.0,,,,57,,ダ1200,,,,,1109.0,0.0,
2014110029,2021-08-21,4新潟3,曇,10,上越S(3勝クラス),202104040310,,15,4,7,250.0,9,6.0,,,,57,,ダ1200,,,,,1111.0,0.0,
2014110029,2021-07-24,3新潟1,晴,11,越後S(3勝クラス),202104030111,,14,8,14,155.0,7,3.0,,,,54,,ダ1200,,,,,1112.0,0.0,
2014110029,2021-07-18,3小倉6,晴,10,西部日刊スポーツ杯(3勝クラス),202110030610,,14,7,12,69.0,4,12.0,,,,57,,ダ1000,,,,,588.0,0.0,
2014110029,2021-05-22,2新潟5,晴,9,4歳以上3勝クラス,202104020509,,15,6,11,86.0,4,6.0,,,,57,,ダ1200,,,,,1107.0,0.0,
2014110029,2021-05-15,2新潟3,晴,11,八海山S(3勝クラス),202104020311,,15,1,1,187.0,7,14.0,,,,57,,ダ1200,,,,,1126.0,1.0,
2014110029,2020-10-25,4京都6,晴,12,貴船S(3勝クラス),202008040612,,16,3,6,192.0,7,15.0,,,,57,,ダ1400,,,,,1264.0,3.0,
2014110029,2020-08-15,3新潟1,曇,11,上越S(3勝クラス),202004030111,,15,7,12,147.0,6,3.0,,,,57,,ダ1200,,,,,1106.0,0.0,
2014110029,2020-07-25,2新潟1,曇,11,越後S(3勝クラス),202004020111,,15,3,5,59.0,3,9.0,,,,54,,ダ1200,,,,,1109.0,1.0,
2014110029,2020-05-17,1新潟4,曇,11,八海山S(3勝クラス),202004010411,,15,3,4,77.0,4,3.0,,,,57,,ダ1200,,,,,1102.0,0.0,
2014110029,2020-04-18,2阪神7,晴,10,陽春S(3勝クラス),202009020710,,16,7,14,324.0,9,11.0,,,,53,,ダ1200,,,,,1121.0,1.0,
2014110029,2020-03-01,2中山2,晴,10,ブラッドストーンS(3勝クラス),202006020210,,16,2,3,232.0,8,16.0,,,,57,,ダ1200,,,,,1138.0,3.0,
2014110029,2020-02-09,2京都4,曇,9,橿原S(3勝クラス),202008020409,,16,5,9,90.0,2,13.0,,,,57,,ダ1200,,,,,1133.0,2.0,
2014110029,2019-11-17,5京都6,晴,12,西陣S(3勝クラス),201908050612,,16,5,9,41.0,1,14.0,,,,57,,ダ1200,,,,,1135.0,2.0,
2014110029,2019-10-19,3新潟3,雨,11,妙高特別(2勝クラス),201904030311,,15,6,11,18.0,1,1.0,,,,57,,ダ1200,,,,,1091.0,,
2014110029,2019-09-01,2新潟12,晴,9,岩室温泉特別(2勝クラス),201904021209,,15,8,14,38.0,2,2.0,,,,57,,ダ1200,,,,,1100.0,0.0,
2014110029,2019-07-06,3中京3,曇,12,3歳以上1勝クラス,201907030312,,16,7,13,25.0,1,1.0,,,,57,,ダ1200,,,,,1104.0,,
2014110029,2019-06-22,3阪神7,晴,7,3歳以上1勝クラス,201909030707,,16,1,2,77.0,5,3.0,,,,57,,ダ1400,,,,,1245.0,0.0,
2014110029,2019-06-02,3阪神2,小雨,12,3歳以上1勝クラス,201909030212,,16,6,12,56.0,3,2.0,,,,57,,ダ1200,,,,,1123.0,0.0,
2014110029,2019-04-13,2阪神7,晴,8,4歳以上500万下,201909020708,,16,3,6,32.0,1,14.0,,,,57,,ダ1400,,,,,1271.0,1.0,
2014110029,2019-02-16,2京都7,曇,7,4歳以上500万下,201908020707,,16,6,11,39.0,2,3.0,,,,57,,ダ1400,,,,,1256.0,0.0,
2014110029,2019-01-19,1京都6,晴,7,4歳以上500万下,201908010607,,16,8,15,145.0,6,5.0,,,,57,,ダ1400,,,,,1254.0,0.0,
2014110029,2018-02-18,2京都8,晴,8,4歳以上500万下,201808020808,,16,8,15,27.0,1,6.0,,,,57,,ダ1400,,,,,1260.0,0.0,
2014110029,2018-02-03,2京都3,晴,7,4歳以上500万下,201808020307,,11,6,8,30.0,1,2.0,,,,57,,ダ1400,,,,,1250.0,0.0,
2014110029,2018-01-13,1中京1,晴,6,4歳以上500万下,201807010106,,15,7,13,159.0,6,2.0,,,,56,,ダ1200,,,,,1118.0,0.0,
2014110029,2017-10-21,4京都6,雨,7,3歳以上500万下,201708040607,,16,4,8,230.0,9,16.0,,,,55,,ダ1400,,,,,1254.0,1.0,
2014110029,2017-10-09,4京都3,晴,12,3歳以上500万下,201708040312,,15,5,9,240.0,8,3.0,,,,55,,ダ1400,,,,,1248.0,0.0,
2014110029,2017-04-29,3京都3,晴,6,3歳500万下,201708030306,,16,7,14,784.0,13,6.0,,,,56,,ダ1400,,,,,1261.0,1.0,
2014110029,2017-01-28,1東京1,晴,7,3歳500万下,201705010107,,16,7,14,422.0,8,11.0,,,,55,,ダ1600,,,,,1401.0,1.0,
2014110029,2017-01-08,1京都3,小雨,3,3歳未勝利,201708010303,,16,6,12,262.0,8,1.0,,,,56,,ダ1400,,,,,1260.0,,
2014110029,2016-11-19,5京都5,曇,3,2歳未勝利,201608050503,,16,8,15,268.0,8,3.0,,,,55,,ダ1400,,,,,1255.0,0.0,
2014110029,2016-10-29,3新潟5,曇,5,2歳未勝利,201604030505,,18,2,4,752.0,14,6.0,,,,54,,芝1400,,,,,1251.0,0.0,
2014110029,2016-07-31,2小倉2,晴,6,2歳新馬,201610020206,,11,1,1,44.0,3,11.0,,,,54,,芝1200,,,,,1175.0,7.0,
2017101415,2023-12-02,5阪神1,晴,11,チャレンジC(GIII),202309050111,,13,1,1,464.0,10,9.0,,,,55,,芝2000,,,,,1596.0,0.0,
2017101415,2023-10-09,2京都3,曇,11,京都大賞典(GII),202308020311,,14,7,11,924.0,12,10.0,,,,55,,芝2400,,,,,2264.0,1.0,
2017101415,2023-08-20,2札幌4,晴,11,札幌記念(GII),202301020411,,15,2,3,817.0,12,13.0,,,,56,,芝2000,,,,,2053.0,3.0,
2017101415,2023-06-18,3阪神6,曇,11,マーメイドS(GIII),202309030611,,13,6,8,50.0,3,2.0,,,,56,,芝2000,,,,,1586.0,0.0,
2017101415,2023-02-12,1阪神2,晴,11,京都記念(GII),202309010211,,13,3,3,171.0,7,6.0,,,,55,,芝2200,,,,,2120.0,1.0,
2017101415,2022-12-25,5中山8,晴,11,有馬記念(GI),202206050811,,16,4,8,1996.0,15,6.0,,,,55,,芝2500,,,,,2335.0,1.0,
2017101415,2022-11-13,5阪神4,曇,11,エリザベス女王杯(GI),202209050411,,18,8,17,129.0,7,16.0,,,,56,,芝2200,,,,,2158.0,2.0,
2017101415,2022-10-10,4阪神3,曇,11,京都大賞典(GII),202209040311,,14,7,11,78.0,3,3.0,,,,54,,芝2400,,,,,2249.0,0.0,
2017101415,2022-06-19,3阪神2,晴,11,マーメイドS(GIII),202209030211,,16,4,7,146.0,10,1.0,,,,54,,芝2000,,,,,1583.0,,
2017101415,2022-05-08,2東京6,曇,10,メトロポリタンS(L),202205020610,,10,3,3,107.0,4,4.0,,,,54,,芝2400,,,,,2264.0,0.0,
2017101415,2022-04-17,1福島2,晴,11,福島民報杯(L),202203010211,,16,7,14,212.0,10,9.0,,,,53,,芝2000,,,,,2019.0,2.0,
2017101415,2021-08-01,1函館10,雨,11,クイーンS(GIII),202102011011,,12,6,8,278.0,9,8.0,,,,55,,芝1800,,,,,1484.0,0.0,
2017101415,2021-01-16,1中京5,晴,11,愛知杯(GIII),202107010511,,18,1,2,166.0,9,14.0,,,,53,,芝2000,,,,,2004.0,1.0,
2017101415,2020-11-15,5阪神4,晴,11,エリザベス女王杯(GI),202009050411,,18,5,9,739.0,12,14.0,,,,54,,芝2200,,,,,2114.0,1.0,
2017101415,2020-10-18,4京都4,晴,11,秋華賞(GI),202008040411,,18,3,5,154.0,3,9.0,,,,55,,芝2000,,,,,2019.0,1.0,
2017101415,2020-09-12,4中山1,曇,11,紫苑S(GIII),202006040111,,18,8,17,54.0,2,6.0,,,,54,,芝2000,,,,,2024.0,0.0,
2017101415,2020-05-24,2東京10,晴,11,優駿牝馬(GI),202005021011,,18,4,7,605.0,13,3.0,,,,55,,芝2400,,,,,2246.0,0.0,
2017101415,2020-04-12,2阪神6,雨,9,忘れな草賞(L),202009020609,,10,2,2,56.0,3,1.0,,,,54,,芝2000,,,,,2036.0,,
2017101415,2020-02-29,2中山1,晴,9,デイジー賞(1勝クラス),202006020109,,9,4,4,148.0,6,1.0,,,,54,,芝1800,,,,,1489.0,,
2017101415,2020-02-08,2京都3,晴,10,エルフィンS(L),202008020310,,12,1,1,175.0,7,7.0,,,,54,,芝1600,,,,,1351.0,1.0,
2017101415,2019-11-03,5京都2,晴,2,2歳未勝利,201908050202,,13,3,3,21.0,1,1.0,,,,54,,芝1600,,,,,1358.0,,
2017101415,2019-10-14,4京都5,小雨,2,2歳未勝利,201908040502,,11,7,9,37.0,3,2.0,,,,54,,芝1800,,,,,1495.0,0.0,
2017101415,2019-09-16,4阪神5,晴,5,2歳新馬,201909040505,,9,6,6,76.0,3,4.0,,,,54,,芝1600,,,,,1353.0,0.0,
2018100008,2025-11-04,船橋,晴,12,霜月スプリント(B2),202543110412,,12,7,10,2641.0,11,11.0,,,,54,,ダ1200,,,,,1156.0,1.0,
2018100008,2025-10-06,大井,曇,9,ミザール賞競走(B2),202544100609,,12,8,12,2328.0,12,9.0,,,,51,,ダ1400,,,,,1293.0,3.0,
2018100008,2025-09-16,大井,晴,11,長月賞競走(B2),202544091611,,11,5,5,2620.0,11,7.0,,,,51,,ダ1400,,,,,1283.0,2.0,
2018100008,2025-09-03,大井,曇,12,永代橋賞競走(B2),202544090312,,13,1,1,1585.0,12,8.0,,,,51,,ダ1200,,,,,1142.0,1.0,
2018100008,2025-08-11,大井,曇,10,スピネル賞競走(B1B2),202544081110,,12,4,4,1398.0,12,12.0,,,,53,,ダ1400,,,,,1314.0,5.0,
2018100008,2025-07-14,大井,晴,11,デネブ賞競走(B2),202544071411,,13,5,6,1784.0,13,9.0,,,,54,,ダ1200,,,,,1142.0,1.0,
2018100008,2025-07-03,大井,晴,10,小石川賞競走(B2),202544070310,,10,1,1,1308.0,10,10.0,,,,54,,ダ1200,,,,,1139.0,1.0,
2018100008,2025-06-13,大井,晴,11,スポーツ報知賞競走(B2),202544061311,,14,4,5,1996.0,12,9.0,,,,54,,ダ1200,,,,,1135.0,1.0,
2018100008,2025-05-20,大井,晴,12,新緑賞競走(B2),202544052012,,16,2,3,2032.0,16,13.0,,,,54,,ダ1200,,,,,1139.0,1.0,
2018100008,2025-04-28,大井,雨,11,ケンタウルス賞競走(B2),202544042811,,15,8,14,3033.0,15,13.0,,,,54,,ダ1400,,,,,1285.0,2.0,
2018100008,2025-04-16,大井,晴,9,東風賞競走(B2B3),202544041609,,12,6,7,436.0,8,7.0,,,,55,,ダ1000,,,,,1007.0,1.0,
2018100008,2025-03-27,大井,曇,9,わかば賞競走(B2),202544032709,,11,3,3,958.0,10,6.0,,,,54,,ダ1400,,,,,1290.0,1.0,
2018100008,2025-03-12,大井,雨,12,プリムラ賞競走(B2),202544031212,,15,7,12,984.0,12,13.0,,,,54,,ダ1200,,,,,1147.0,1.0,
2018100008,2025-02-17,大井,曇,10,フェブラリー賞競走(B1B2),202544021710,,13,6,9,597.0,9,12.0,,,,50,,ダ1200,,,,,1169.0,3.0,
2018100008,2025-01-30,大井,晴,11,フロストフラワー賞競(B2),202544013011,,13,7,10,81.0,4,5.0,,,,54,,ダ1200,,,,,1137.0,0.0,
2018100008,2025-01-13,大井,晴,10,新助坂賞競走(B3),202544011310,,13,8,13,34.0,2,2.0,,,,54,,ダ1200,,,,,1142.0,1.0,
2018100008,2024-12-30,大井,晴,11,カプリコーン賞競走(B2),202444123011,,16,8,16,89.0,2,3.0,,,,54,,ダ1200,,,,,1138.0,0.0,
2018100008,2024-12-05,大井,晴,7,B2五,202444120507,,11,8,11,30.0,2,11.0,,,,54,,ダ1400,,,,,1304.0,3.0,
2018100008,2024-11-06,大井,曇,7,B2五　B3五(B2B3),202444110607,,9,7,7,24.0,2,2.0,,,,55,,ダ1200,,,,,1134.0,0.0,
2018100008,2024-10-16,大井,曇,12,稲荷坂賞競走(B3),202444101612,,15,3,5,142.0,5,1.0,,,,54,,ダ1200,,,,,1135.0,,
2018100008,2024-08-31,2中京7,小雨,10,鳥羽特別(2勝クラス),202407020710,,15,3,4,3221.0,15,13.0,,,,56,,ダ1400,,,,,1256.0,2.0,
2018100008,2023-12-03,5阪神2,晴,8,3歳以上2勝クラス,202309050208,,16,2,4,3889.0,16,12.0,,,,56,,ダ1200,,,,,1141.0,2.0,
2018100008,2023-11-11,3京都3,曇,12,3歳以上2勝クラス,202308030312,,18,8,18,2707.0,18,16.0,,,,56,,芝1400,,,,,1230.0,1.0,
2018100008,2023-10-09,2京都3,曇,12,3歳以上2勝クラス,202308020312,,13,6,9,1261.0,12,10.0,,,,53,,ダ1400,,,,,1263.0,1.0,
2018100008,2023-07-02,2福島2,晴,9,さくらんぼ特別(2勝クラス),202303020209,,16,8,15,1275.0,14,11.0,,,,56,,ダ1150,,,,,1092.0,1.0,
2018100008,2023-05-21,1新潟8,晴,10,火打山特別(2勝クラス),202304010810,,14,6,10,1195.0,13,8.0,,,,56,,ダ1200,,,,,1122.0,0.0,
2018100008,2023-01-08,1中京3,晴,12,4歳以上2勝クラス,202307010312,,13,2,2,463.0,9,12.0,,,,54,,芝1200,,,,,1101.0,1.0,
2018100008,2022-12-18,6阪神6,晴,9,高砂特別(2勝クラス),202209060609,,16,1,2,641.0,12,11.0,,,,55,,ダ1200,,,,,1132.0,1.0,
2018100008,2022-11-19,3福島5,晴,10,西郷特別(2勝クラス),202203030510,,16,2,3,77.0,4,10.0,,,,52,,ダ1150,,,,,1095.0,1.0,
2018100008,2022-11-06,3福島2,晴,7,3歳以上1勝クラス,202203030207,,15,3,4,58.0,3,1.0,,,,54,,ダ1150,,,,,1085.0,,
2018100008,2022-10-16,4新潟2,晴,3,3歳以上1勝クラス,202204040203,,15,8,14,92.0,5,5.0,,,,55,,ダ1200,,,,,1122.0,0.0,
2018100008,2022-09-24,5中京6,晴,8,3歳以上1勝クラス,202207050608,,16,7,14,206.0,7,5.0,,,,55,,ダ1200,,,,,1119.0,0.0,
2018100008,2022-09-04,4小倉8,晴,8,3歳以上1勝クラス,202210040808,,10,6,6,128.0,4,3.0,,,,54,,ダ1000,,,,,585.0,0.0,
2018100008,2022-08-07,2新潟4,晴,8,3歳以上1勝クラス,202204020408,,14,3,3,126.0,5,10.0,,,,55,,ダ1200,,,,,1124.0,1.0,
2018100008,2022-07-16,3小倉5,晴,12,3歳以上1勝クラス,202210030512,,12,1,1,310.0,9,5.0,,,,52,,芝1200,,,,,1085.0,0.0,
2018100008,2022-06-25,3阪神3,晴,7,3歳以上1勝クラス,202209030307,,16,6,12,104.0,3,8.0,,,,55,,ダ1200,,,,,1135.0,1.0,
2018100008,2022-05-29,1新潟8,晴,8,4歳以上1勝クラス,202204010808,,13,1,1,42.0,1,4.0,,,,55,,ダ1200,,,,,1123.0,0.0,
2018100008,2022-05-15,1新潟4,晴,7,4歳以上1勝クラス,202204010407,,15,8,14,147.0,6,3.0,,,,55,,ダ1200,,,,,1120.0,0.0,
2018100008,2021-11-09,園田,曇,10,C1一,202150110910,,12,7,10,20.0,1,1.0,,,,55,,ダ1400,,,,,1340.0,,
2018100008,2021-10-22,園田,曇,9,C1,202150102209,,10,6,6,27.0,2,1.0,,,,54,,ダ1400,,,,,1316.0,0.0,
2018100008,2021-09-29,園田,曇,9,C2一,202150092909,,12,5,5,103.0,6,1.0,,,,54,,ダ1400,,,,,1307.0,,
2018100008,2021-08-28,4小倉5,晴,3,3歳未勝利,202110040503,,13,5,7,235.0,10,12.0,,,,54,,ダ1000,,,,,1012.0,1.0,
2018100008,2021-07-08,園田,曇,10,JRA交流三室山特別,202150070810,,11,6,6,211.0,6,5.0,,,,54,,ダ1400,,,,,1318.0,2.0,
2018100008,2021-05-22,3中京5,曇,1,3歳未勝利,202107030501,,16,1,2,206.0,7,16.0,,,,54,,ダ1800,,,,,1563.0,3.0,
2018100008,2021-02-20,1阪神3,晴,2,3歳未勝利,202109010302,,16,5,10,282.0,7,15.0,,,,54,,ダ1400,,,,,1300.0,4.0,
2018100008,2021-01-30,1中京9,晴,1,3歳未勝利,202107010901,,15,2,2,55.0,3,6.0,,,,54,,ダ1200,,,,,1131.0,0.0,
2018100008,2021-01-10,1中京3,晴,1,3歳未勝利,202107010301,,16,7,14,133.0,5,3.0,,,,54,,ダ1200,,,,,1136.0,0.0,
2018100008,2020-10-24,4京都5,晴,1,2歳未勝利,202008040501,,12,4,4,45.0,2,12.0,,,,54,,ダ1400,,,,,1305.0,4.0,
2018100008,2020-10-10,4京都1,小雨,2,2歳未勝利,202008040102,,13,8,12,49.0,2,10.0,,,,54,,芝1400,,,,,1254.0,1.0,
2018100008,2020-09-21,2中京5,晴,4,2歳新馬,202007020504,,9,8,9,23.0,1,2.0,,,,54,,ダ1200,,,,,1135.0,1.0,
2018100427,2023-11-12,3京都4,曇,11,エリザベス女王杯(GI),202308030411,,15,8,15,427.0,11,11.0,,,,56,,芝2200,,,,,2132.0,0.0,
2018100427,2023-10-09,2京都3,曇,11,京都大賞典(GII),202308020311,,14,6,9,156.0,7,8.0,,,,55,,芝2400,,,,,2262.0,0.0,
2018100427,2023-06-18,3阪神6,曇,11,マーメイドS(GIII),202309030611,,13,4,4,37.0,1,1.0,,,,55,,芝2000,,,,,1585.0,,
2018100427,2023-04-22,1福島5,晴,11,福島牝馬S(GIII),202303010511,,15,5,9,50.0,2,2.0,,,,55,,芝1800,,,,,1479.0,0.0,
2018100427,2023-02-05,1小倉8,晴,11,関門橋S(OP),202310010811,,15,7,12,35.0,2,3.0,,,,55,,芝2000,,,,,1584.0,0.0,
2018100427,2022-12-25,6阪神8,晴,10,サンタクロースS(3勝クラス),202209060810,,13,2,2,38.0,1,1.0,,,,55,,芝2000,,,,,2002.0,0.0,
2018100427,2022-03-06,2中山4,晴,9,湾岸S(3勝クラス),202206020409,,16,5,9,20.0,1,6.0,,,,54,,芝2200,,,,,2129.0,0.0,
2018100427,2022-01-15,1中京5,晴,9,渥美特別(2勝クラス),202207010509,,10,3,3,18.0,1,1.0,,,,54,,芝2000,,,,,2001.0,,
2018100427,2021-12-04,6中京1,曇,12,栄特別(1勝クラス),202107060112,,18,8,18,28.0,1,1.0,,,,54,,芝2000,,,,,2009.0,,
2018100427,2021-04-11,2阪神6,晴,9,忘れな草賞(L),202109020609,,11,7,9,72.0,4,3.0,,,,54,,芝2000,,,,,1583.0,0.0,
2018100427,2021-03-13,2中山5,雨,7,3歳1勝クラス,202106020507,,11,7,9,44.0,3,6.0,,,,54,,芝2000,,,,,2098.0,1.0,
2018100427,2021-02-07,1小倉8,晴,5,3歳新馬,202110010805,,8,3,3,19.0,1,1.0,,,,54,,芝2000,,,,,2043.0,,
2018100886,2025-10-22,園田,雨,11,ひょうごの至宝但馬牛(A1A2),202550102211,,11,6,7,89.0,4,3.0,,,,57,,ダ1400,,,,,1311.0,0.0,
2018100886,2025-08-14,園田,曇,11,夜さ恋サマースプリン,202550081411,,12,6,8,49.0,2,5.0,,,,57,,ダ1230,,,,,1195.0,0.0,
2018100886,2025-07-25,園田,晴,11,サンケイスポーツZB(A1A2),202550072511,,8,3,3,18.0,1,3.0,,,,57,,ダ1230,,,,,1193.0,0.0,
2018100886,2024-12-18,園田,晴,9,A1A2,202450121809,,8,1,1,52.0,3,1.0,,,,56,,ダ1230,,,,,1185.0,,
2018100886,2024-10-05,5京都1,晴,10,大山崎S(3勝クラス),202408050110,,16,8,16,1183.0,13,12.0,,,,58,,ダ1200,,,,,1135.0,2.0,
2018100886,2024-07-06,3小倉3,晴,11,釜山S(3勝クラス),202410030311,,11,7,9,916.0,11,11.0,,,,58,,ダ1000,,,,,1011.0,3.0,
2018100886,2024-06-09,4京都4,曇,10,安芸S(3勝クラス),202408040410,,16,3,6,1309.0,16,8.0,,,,56,,ダ1200,,,,,1120.0,0.0,
2018100886,2024-03-23,3中山1,小雨,9,ブラッドストーンS(3勝クラス),202406030109,,16,1,1,288.0,9,12.0,,,,58,,ダ1200,,,,,1122.0,2.0,
2018100886,2024-02-03,2京都3,晴,9,橿原S(3勝クラス),202408020309,,16,2,4,240.0,6,8.0,,,,58,,ダ1200,,,,,1119.0,1.0,
2018100886,2024-01-21,1京都7,曇,10,羅生門S(3勝クラス),202408010710,,16,2,4,168.0,6,2.0,,,,58,,ダ1200,,,,,1103.0,0.0,
2018100886,2023-11-04,3京都1,曇,10,貴船S(3勝クラス),202308030110,,16,2,4,390.0,10,6.0,,,,56,,ダ1200,,,,,1116.0,0.0,
2018100886,2023-10-09,2京都3,曇,10,大山崎S(3勝クラス),202308020310,,13,5,6,210.0,7,7.0,,,,58,,ダ1200,,,,,1128.0,1.0,
2018100886,2023-07-23,3中京8,晴,10,桶狭間S(3勝クラス),202307030810,,16,7,13,530.0,13,11.0,,,,58,,ダ1200,,,,,1118.0,1.0,
2018100886,2023-05-21,1京都10,晴,11,高瀬川S(3勝クラス),202308011011,,16,3,6,124.0,5,7.0,,,,56,,ダ1400,,,,,1260.0,1.0,
2018100886,2023-04-30,1京都4,曇,12,東大路S(3勝クラス),202308010412,,16,2,4,195.0,8,2.0,,,,58,,ダ1200,,,,,1121.0,0.0,
2018100886,2023-02-26,2中山2,晴,10,ブラッドストーンS(3勝クラス),202306020210,,16,1,2,105.0,4,4.0,,,,55,,ダ1200,,,,,1115.0,0.0,
2018100886,2022-12-25,5中山8,晴,10,フェアウェルS(3勝クラス),202206050810,,16,3,6,140.0,5,6.0,,,,57,,ダ1200,,,,,1108.0,0.0,
2018100886,2022-11-05,5阪神1,晴,10,安芸S(3勝クラス),202209050110,,16,7,13,353.0,10,4.0,,,,54,,ダ1200,,,,,1119.0,0.0,
2018100886,2022-09-17,4中山3,晴,11,初風S(3勝クラス),202206040311,,16,2,3,185.0,8,13.0,,,,57,,ダ1200,,,,,1123.0,2.0,
2018100886,2022-08-27,4小倉5,晴,11,釜山S(3勝クラス),202210040511,,14,4,6,101.0,7,9.0,,,,57,,ダ1000,,,,,589.0,0.0,
2018100886,2022-05-21,1新潟5,曇,11,八海山S(3勝クラス),202204010511,,15,1,1,115.0,5,9.0,,,,57,,ダ1200,,,,,1118.0,0.0,
2018100886,2022-03-26,3中山1,曇,9,春風S(3勝クラス),202206030109,,16,7,13,229.0,9,6.0,,,,57,,ダ1200,,,,,1119.0,0.0,
2018100886,2022-02-26,2中山1,晴,12,4歳以上2勝クラス,202206020112,,16,2,3,143.0,7,1.0,,,,57,,ダ1200,,,,,1117.0,,
2018100886,2021-12-19,6阪神6,晴,9,高砂特別(2勝クラス),202109060609,,15,1,2,314.0,7,9.0,,,,56,,ダ1200,,,,,1119.0,1.0,
2018100886,2021-11-27,5阪神7,晴,7,3歳以上1勝クラス,202109050707,,12,3,3,77.0,5,1.0,,,,53,,ダ1200,,,,,1129.0,0.0,
2018100886,2021-09-25,5中京6,曇,6,3歳以上1勝クラス,202107050606,,14,2,2,96.0,3,10.0,,,,55,,ダ1200,,,,,1132.0,1.0,
2018100886,2021-09-04,2札幌7,晴,7,3歳以上1勝クラス,202101020707,,12,7,9,36.0,2,6.0,,,,55,,ダ1000,,,,,597.0,0.0,
2018100886,2021-07-03,1函館1,晴,8,3歳以上1勝クラス,202102010108,,12,7,10,28.0,2,10.0,,,,51,,ダ1000,,,,,1000.0,0.0,
2018100886,2021-06-19,1札幌3,曇,8,3歳以上1勝クラス,202101010308,,12,7,9,40.0,2,2.0,,,,51,,ダ1000,,,,,592.0,0.0,
2018100886,2021-05-22,3中京5,曇,6,3歳1勝クラス,202107030506,,16,7,13,304.0,10,3.0,,,,53,,ダ1200,,,,,1115.0,0.0,
2018100886,2021-04-17,2阪神7,雨,6,3歳1勝クラス,202109020706,,16,6,11,74.0,4,9.0,,,,56,,ダ1200,,,,,1129.0,1.0,
2018100886,2021-02-13,1阪神1,晴,6,3歳1勝クラス,202109010106,,14,7,11,125.0,5,7.0,,,,56,,ダ1400,,,,,1265.0,1.0,
2018100886,2021-01-23,1中京7,雨,4,3歳1勝クラス,202107010704,,11,6,6,117.0,5,2.0,,,,56,,ダ1200,,,,,1123.0,0.0,
2018100886,2020-11-22,5阪神6,晴,1,2歳未勝利,202009050601,,15,3,5,57.0,3,1.0,,,,55,,ダ1200,,,,,1133.0,,
2018100886,2020-11-01,4京都8,晴,1,2歳未勝利,202008040801,,10,7,7,151.0,6,2.0,,,,55,,ダ1200,,,,,1135.0,0.0,
2018100886,2020-10-04,2中京9,曇,3,2歳未勝利,202007020903,,14,6,10,1344.0,10,13.0,,,,55,,芝1200,,,,,1122.0,3.0,
2018100886,2020-08-02,2新潟4,晴,1,2歳未勝利,202004020401,,18,1,2,535.0,12,12.0,,,,54,,芝1200,,,,,1108.0,0.0,
2018100886,2020-07-12,4阪神4,晴,6,2歳新馬,202009040406,,13,5,6,116.0,5,12.0,,,,54,,ダ1400,,,,,1300.0,4.0,
2019103996,2025-06-29,1函館6,晴,12,湯の川温泉特別(2勝クラス),202502010612,,14,8,13,371.0,12,11.0,,,,58,,芝1200,,,,,1097.0,1.0,
2019103996,2025-06-21,1函館3,曇,11,STV杯(2勝クラス),202502010311,,15,2,2,405.0,10,6.0,,,,58,,芝1200,,,,,1092.0,0.0,
2019103996,2025-04-06,2阪神4,晴,8,4歳以上2勝クラス,202509020408,,10,6,6,937.0,9,6.0,,,,58,,芝1200,,,,,1092.0,0.0,
2019103996,2025-03-29,2中京5,晴,9,矢作川特別(2勝クラス),202507020509,,13,8,13,920.0,13,11.0,,,,58,,ダ1800,,,,,1553.0,2.0,
2019103996,2025-03-15,2中京1,小雨,9,伊良湖特別(2勝クラス),202507020109,,16,3,6,304.0,7,10.0,,,,58,,ダ1200,,,,,1130.0,0.0,
2019103996,2024-12-14,4中京5,晴,10,ヤングJSFR中京2(2勝クラス),202407040510,,16,4,7,402.0,11,7.0,,,,58,,ダ1400,,,,,1257.0,0.0,
2019103996,2024-12-01,4中京2,晴,10,クロフネC(2勝クラス),202407040210,,16,4,7,723.0,11,7.0,,,,58,,ダ1200,,,,,1118.0,0.0,
2019103996,2024-09-15,3中京4,曇,12,3歳以上2勝クラス,202407030412,,13,3,3,259.0,7,9.0,,,,58,,ダ1400,,,,,1241.0,1.0,
2019103996,2024-08-24,2中京5,晴,10,清洲特別(2勝クラス),202407020510,,15,6,12,118.0,6,7.0,,,,58,,ダ1200,,,,,1119.0,0.0,
2019103996,2024-05-26,3京都12,晴,8,4歳以上2勝クラス,202408031208,,15,6,10,396.0,10,13.0,,,,58,,ダ1200,,,,,1133.0,1.0,
2019103996,2024-03-24,2阪神2,曇,12,4歳以上2勝クラス,202409020212,,15,5,10,73.0,4,13.0,,,,58,,ダ1200,,,,,1122.0,1.0,
2019103996,2024-03-09,1中京1,曇,9,伊良湖特別(2勝クラス),202407010109,,16,2,4,65.0,3,2.0,,,,58,,ダ1200,,,,,1130.0,0.0,
2019103996,2024-01-06,1京都1,曇,8,4歳以上2勝クラス,202408010108,,16,6,11,204.0,7,8.0,,,,58,,ダ1200,,,,,1129.0,1.0,
2019103996,2023-12-16,4中京5,曇,8,3歳以上1勝クラス,202307040508,,16,1,1,149.0,6,1.0,,,,58,,ダ1200,,,,,1106.0,,
2019103996,2023-10-09,2京都3,曇,8,3歳以上1勝クラス,202308020308,,16,2,3,131.0,6,7.0,,,,58,,ダ1200,,,,,1136.0,0.0,
2019103996,2023-09-24,4阪神7,晴,7,3歳以上1勝クラス,202309040707,,18,4,8,263.0,10,8.0,,,,58,,芝1400,,,,,1211.0,0.0,
2019103996,2023-09-03,3小倉8,晴,8,3歳以上1勝クラス,202310030808,,13,1,1,43.0,2,8.0,,,,58,,ダ1000,,,,,588.0,1.0,
2019103996,2023-08-13,3小倉2,晴,12,3歳以上1勝クラス,202310030212,,14,3,3,249.0,10,2.0,,,,58,,ダ1000,,,,,585.0,0.0,
2019103996,2023-06-03,3阪神1,晴,8,3歳以上1勝クラス,202309030108,,16,6,12,477.0,10,8.0,,,,58,,ダ1200,,,,,1119.0,1.0,
2019103996,2023-03-31,大井,晴,5,C2一　二三(C2二),202344033105,,14,4,6,,,,,,,56,,ダ1200,,,,,,,
2019103996,2023-03-08,大井,晴,6,C2九　十,202344030806,,15,4,7,35.0,2,1.0,,,,56,,ダ1200,,,,,1136.0,,
2019103996,2023-02-24,大井,曇,1,C3一　二,202344022401,,16,3,6,12.0,1,1.0,,,,56,,ダ1200,,,,,1143.0,,
2019103996,2023-01-26,大井,晴,1,C3三　四,202344012601,,15,2,4,20.0,1,2.0,,,,56,,ダ1200,,,,,1146.0,0.0,
2019103996,2022-12-30,大井,晴,3,3歳　152,202244123003,,16,1,2,51.0,3,3.0,,,,56,,ダ1200,,,,,1147.0,0.0,
2019103996,2022-11-09,門別,晴,8,ハマナデシコ特別(C3),202230110908,,11,6,7,27.0,2,2.0,,,,56,,ダ1200,,,,,1138.0,0.0,
2019103996,2022-10-27,門別,晴,3,3歳以上C4ー2,202230102703,,12,1,1,11.0,1,1.0,,,,56,,ダ1200,,,,,1147.0,,
2019103996,2022-10-12,門別,晴,5,みついし花だより賞(C4),202230101205,,12,3,3,23.0,1,3.0,,,,56,,ダ1200,,,,,1148.0,0.0,
2019103996,2022-09-04,3新潟8,晴,3,3歳未勝利,202204030803,,15,3,5,36.0,1,6.0,,,,56,,ダ1800,,,,,1552.0,1.0,
2019103996,2022-08-20,3新潟3,曇,2,3歳未勝利,202204030302,,15,2,2,655.0,11,4.0,,,,56,,ダ1800,,,,,1552.0,0.0,
2019105420,2025-09-21,4中山7,晴,6,3歳以上1勝クラス,202506040706,,16,2,3,2744.0,14,14.0,,,,56,,ダ1200,,,,,1133.0,2.0,
2019105420,2025-09-13,4中山3,曇,8,3歳以上1勝クラス,202506040308,,15,2,4,3260.0,15,12.0,,,,56,,ダ1200,,,,,1121.0,1.0,
2019105420,2025-06-29,2福島2,晴,7,3歳以上1勝クラス,202503020207,,16,7,14,2741.0,15,14.0,,,,56,,ダ1150,,,,,1102.0,2.0,
2019105420,2025-03-23,2中京4,晴,6,4歳以上1勝クラス,202507020406,,16,5,10,3278.0,16,14.0,,,,56,,ダ1400,,,,,1265.0,1.0,
2019105420,2024-12-01,4中京2,晴,2,3歳以上1勝クラス,202407040202,,16,3,6,2468.0,15,16.0,,,,56,,ダ1400,,,,,1271.0,1.0,
2019105420,2024-09-29,3中京9,曇,6,3歳以上1勝クラス,202407030906,,16,1,1,552.0,12,13.0,,,,56,,ダ1400,,,,,1265.0,2.0,
2019105420,2024-09-16,4中山5,曇,12,3歳以上1勝クラス,202406040512,,16,7,13,1343.0,14,11.0,,,,56,,ダ1200,,,,,1127.0,1.0,
2019105420,2024-08-31,3新潟7,雨,8,3歳以上1勝クラス,202404030708,,15,5,9,1182.0,11,8.0,,,,55,,ダ1200,,,,,1131.0,0.0,
2019105420,2024-06-09,3東京4,曇,7,3歳以上1勝クラス,202405030407,,14,8,14,4523.0,14,9.0,,,,56,,ダ1600,,,,,1384.0,1.0,
2019105420,2024-05-11,2東京7,晴,7,4歳以上1勝クラス,202405020707,,12,7,9,1076.0,10,9.0,,,,53,,ダ1600,,,,,1386.0,1.0,
2019105420,2024-03-10,2中山6,晴,8,4歳以上1勝クラス,202406020608,,15,4,6,1664.0,15,15.0,,,,53,,ダ2400,,,,,2470.0,8.0,
2019105420,2024-02-18,1東京8,晴,6,4歳以上1勝クラス,202405010806,,16,3,5,2242.0,12,12.0,,,,53,,芝1800,,,,,1474.0,1.0,
2019105420,2023-12-10,4中京4,晴,12,3歳以上1勝クラス,202307040412,,12,1,1,1472.0,12,11.0,,,,56,,芝1600,,,,,1350.0,1.0,
2019105420,2023-10-14,4東京4,晴,8,3歳以上1勝クラス,202305040408,,18,2,4,464.0,10,16.0,,,,55,,芝1600,,,,,1350.0,1.0,
2019105420,2023-10-09,4東京3,雨,8,3歳以上1勝クラス,202305040308,,16,5,10,753.0,12,11.0,,,,56,,芝1400,,,,,1221.0,0.0,
2019105420,2023-07-02,2福島2,晴,12,3歳以上1勝クラス,202303020212,,16,2,4,143.0,9,9.0,,,,54,,芝1200,,,,,1097.0,1.0,
2019105420,2023-06-10,3東京3,曇,8,3歳以上1勝クラス,202305030308,,11,6,8,1595.0,8,4.0,,,,54,,芝1600,,,,,1339.0,0.0,
2019105420,2023-05-14,2東京8,曇,7,4歳以上1勝クラス,202305020807,,15,1,1,1721.0,14,14.0,,,,56,,ダ1600,,,,,1395.0,2.0,
2019105420,2023-04-29,2東京3,晴,7,4歳以上1勝クラス,202305020307,,16,2,4,219.0,9,13.0,,,,54,,ダ1400,,,,,1269.0,2.0,
2019105420,2023-02-11,1東京5,晴,8,4歳以上1勝クラス,202305010508,,16,1,1,927.0,12,5.0,,,,54,,ダ1400,,,,,1244.0,0.0,
2019105420,2022-12-07,名古屋,晴,5,C11組,202248120705,,12,5,6,14.0,1,1.0,,,,54,,ダ1500,,,,,1375.0,,
2019105420,2022-11-25,名古屋,晴,7,オッズパーク杯(C),202248112507,,12,6,7,183.0,5,2.0,,,,53,,ダ1500,,,,,1380.0,0.0,
2019105420,2022-11-09,名古屋,晴,5,C19組,202248110905,,12,4,4,11.0,1,1.0,,,,54,,ダ1500,,,,,1375.0,,
2019105420,2022-10-26,名古屋,晴,2,C21組,202248102602,,12,4,4,47.0,3,2.0,,,,54,,ダ1500,,,,,1373.0,0.0,
2019105420,2022-10-12,名古屋,晴,2,C22組,202248101202,,12,2,2,34.0,2,3.0,,,,54,,ダ920,,,,,572.0,0.0,
2019105420,2022-09-29,名古屋,晴,5,3歳11組,202248092905,,11,8,12,81.0,4,2.0,,,,54,,ダ1500,,,,,1385.0,1.0,
2019105420,2022-08-27,2札幌5,曇,6,3歳未勝利,202201020506,,13,4,5,812.0,11,8.0,,,,54,,芝1500,,,,,1314.0,1.0,
2019105420,2022-08-14,2札幌2,曇,4,3歳未勝利,202201020204,,13,5,7,1375.0,11,4.0,,,,54,,芝1500,,,,,1300.0,1.0,
2019105420,2022-06-26,1函館6,曇,1,3歳未勝利,202202010601,,16,8,15,678.0,12,9.0,,,,54,,芝1200,,,,,1106.0,1.0,
2019105420,2022-06-12,1函館2,晴,1,3歳未勝利,202202010201,,16,7,13,685.0,10,7.0,,,,54,,芝1200,,,,,1096.0,0.0,
2019105420,2022-04-30,2阪神11,晴,3,3歳未勝利,202209021103,,17,7,14,1746.0,13,13.0,,,,54,,芝1600,,,,,1362.0,1.0,
2019105420,2022-03-27,2阪神2,晴,6,3歳未勝利,202209020206,,17,7,14,1165.0,10,13.0,,,,54,,芝1600,,,,,1370.0,1.0,
2019105420,2022-03-13,1阪神10,曇,4,3歳未勝利,202209011004,,18,5,10,938.0,13,5.0,,,,54,,芝1600,,,,,1357.0,0.0,
2019105420,2022-01-22,1中京7,晴,5,3歳未勝利,202207010705,,7,3,3,386.0,6,7.0,,,,54,,芝2000,,,,,2034.0,1.0,
2019105420,2021-11-07,5阪神2,晴,2,2歳未勝利,202109050202,,12,8,12,100.0,4,9.0,,,,54,,ダ1400,,,,,1283.0,2.0,
2019105420,2021-10-24,4阪神6,晴,4,2歳新馬,202109040604,,14,3,3,42.0,3,8.0,,,,54,,芝1600,,,,,1354.0,0.0,
2019105519,2025-09-17,大井,晴,11,東京記念競走(重賞),202544091711,,14,5,7,60.0,2,4.0,,,,56,,ダ2400,,,,,2370.0,1.0,
2019105519,2025-08-14,大井,晴,11,東京記念トライアル競(OP)(3上),202544081411,,8,7,7,19.0,1,1.0,,,,56,,ダ2400,,,,,2365.0,0.0,
2019105519,2025-06-19,川崎,晴,11,中原OP(OP)(3上),202545061911,,14,8,14,38.0,2,2.0,,,,56,,ダ2000,,,,,2104.0,1.0,
2019105519,2025-05-20,大井,晴,11,エメラルド賞競走(A2),202544052011,,12,7,9,17.0,1,2.0,,,,56,,ダ1800,,,,,1532.0,0.0,
2019105519,2025-04-17,大井,晴,11,ブリリアントカップ競(重賞),202544041711,,9,3,3,291.0,7,3.0,,,,55,,ダ1800,,,,,1524.0,0.0,
2019105519,2025-02-09,1小倉6,晴,11,小倉日経賞(OP),202510010611,,11,4,4,624.0,11,9.0,,,,57,,芝2000,,,,,2032.0,1.0,
2019105519,2025-01-12,1中山4,曇,10,ポルックスS(OP),202506010410,,16,1,1,1380.0,12,9.0,,,,57,,ダ1800,,,,,1543.0,1.0,
2019105519,2024-09-28,3中京8,曇,11,シリウスS(GIII),202407030811,,15,4,7,596.0,12,12.0,,,,55,,ダ1900,,,,,2003.0,3.0,
2019105519,2024-04-28,2東京4,晴,10,ブリリアントS(L),202405020410,,16,4,8,67.0,3,12.0,,,,55,,ダ2100,,,,,2123.0,2.0,
2019105519,2024-03-10,1阪神6,晴,10,オークランドTRT(3勝クラス),202409010610,,16,2,4,41.0,1,1.0,,,,57,,ダ2000,,,,,2061.0,,
2019105519,2024-02-17,1東京7,曇,10,金蹄S(3勝クラス),202405010710,,13,5,6,57.0,3,2.0,,,,58,,ダ2100,,,,,2113.0,0.0,
2019105519,2024-01-08,1中山3,晴,10,招福S(3勝クラス),202406010310,,16,3,6,50.0,2,4.0,,,,56,,ダ1800,,,,,1548.0,0.0,
2019105519,2023-11-18,5東京5,晴,10,晩秋S(3勝クラス),202305050510,,16,6,12,93.0,4,3.0,,,,56,,ダ2100,,,,,2097.0,0.0,
2019105519,2023-10-09,4東京3,雨,9,昇仙峡特別(2勝クラス),202305040309,,16,5,10,56.0,3,1.0,,,,56,,ダ2100,,,,,2096.0,,
2019105519,2023-06-24,3阪神7,曇,9,鷹取特別(2勝クラス),202309030709,,16,2,3,81.0,5,7.0,,,,58,,ダ2000,,,,,2071.0,2.0,
2019105519,2023-04-09,3中山6,晴,9,印西特別(2勝クラス),202306030609,,16,8,16,25.0,1,5.0,,,,56,,ダ2400,,,,,2343.0,0.0,
2019105519,2023-03-12,2中山6,曇,8,4歳以上1勝クラス,202306020608,,16,7,13,22.0,1,1.0,,,,57,,ダ2400,,,,,2359.0,,
2019105519,2023-01-08,1中京3,晴,8,4歳以上1勝クラス,202307010308,,12,3,3,34.0,2,2.0,,,,57,,ダ1900,,,,,2014.0,0.0,
2019105519,2022-12-24,6阪神7,晴,7,3歳以上1勝クラス,202209060707,,10,3,3,22.0,1,4.0,,,,56,,ダ1800,,,,,1551.0,0.0,
2019105519,2022-04-02,2阪神3,晴,5,3歳1勝クラス,202209020305,,13,8,12,100.0,5,2.0,,,,56,,ダ1800,,,,,1527.0,0.0,
2019105519,2022-01-15,1中山5,晴,4,3歳新馬,202206010504,,8,1,1,13.0,1,1.0,,,,56,,ダ1800,,,,,1574.0,,
2020100417,2025-05-19,大井,曇,12,りょうけん座特別競走(C1),202544051912,,12,5,5,212.0,7,,,,,56,,ダ2000,,,,,,,
2020100417,2025-04-28,大井,雨,9,かんむり座特別競走(C1),202544042809,,11,7,9,327.0,9,7.0,,,,56,,ダ1800,,,,,1564.0,2.0,
2020100417,2025-04-17,大井,晴,8,ビアーグルト賞(C1),202544041708,,12,5,6,87.0,4,5.0,,,,56,,ダ1600,,,,,1442.0,1.0,
2020100417,2025-03-25,大井,晴,9,うみへび座特別競走(C1),202544032509,,8,4,4,101.0,4,3.0,,,,56,,ダ2000,,,,,2120.0,0.0,
2020100417,2025-03-12,大井,雨,8,C1八　九,202544031208,,9,6,6,95.0,5,2.0,,,,54,,ダ1600,,,,,1436.0,0.0,
2020100417,2025-02-21,大井,晴,12,梅見月特別競走(C2三),202544022112,,16,6,12,510.0,10,4.0,,,,56,,ダ1400,,,,,1289.0,1.0,
2020100417,2025-01-31,大井,晴,7,C2二　三四(C2三),202544013107,,14,5,7,321.0,7,11.0,,,,54,,ダ1400,,,,,1304.0,1.0,
2020100417,2025-01-17,大井,晴,12,春駒特別競走(C2三),202544011712,,14,8,14,303.0,6,6.0,,,,56,,ダ1400,,,,,1295.0,1.0,
2020100417,2024-12-23,名古屋,晴,11,歳の瀬特別(A),202448122311,,10,4,4,27.0,2,8.0,,,,54,,ダ1500,,,,,1380.0,1.0,
2020100417,2024-12-05,名古屋,晴,10,初雪特別(A),202448120510,,11,5,5,267.0,6,3.0,,,,54,,ダ1500,,,,,1361.0,1.0,
2020100417,2024-11-12,名古屋,晴,11,紅葉特別(A),202448111211,,12,2,2,163.0,6,5.0,,,,56,,ダ1500,,,,,1363.0,0.0,
2020100417,2024-10-29,名古屋,雨,12,オリオン座特別(B),202448102912,,12,7,10,86.0,6,1.0,,,,56,,ダ1400,,,,,1291.0,,
2020100417,2024-10-01,名古屋,晴,11,秋風特別(AB),202448100111,,12,7,10,57.0,4,8.0,,,,54,,ダ1500,,,,,1361.0,1.0,
2020100417,2024-09-17,名古屋,晴,12,うみへび座特別(B),202448091712,,12,4,4,24.0,1,4.0,,,,54,,ダ2000,,,,,2136.0,0.0,
2020100417,2024-08-21,名古屋,晴,9,B3組,202448082109,,12,8,12,28.0,1,1.0,,,,54,,ダ1500,,,,,1363.0,,
2020100417,2024-08-06,名古屋,晴,11,しし座特別(B),202448080611,,10,7,8,57.0,3,4.0,,,,54,,ダ1500,,,,,1367.0,0.0,
2020100417,2024-07-15,名古屋,雨,9,B7組,202448071509,,12,5,6,31.0,2,1.0,,,,54,,ダ1500,,,,,1352.0,,
2020100417,2024-06-27,名古屋,曇,7,C5組,202448062707,,12,5,5,24.0,1,1.0,,,,54,,ダ1500,,,,,1359.0,,
2020100417,2024-05-30,名古屋,晴,5,C7組,202448053005,,12,2,2,42.0,3,2.0,,,,54,,ダ1500,,,,,1375.0,0.0,
2020100417,2024-04-28,1新潟2,晴,4,障害4歳以上未勝利,202404010204,,10,1,1,597.0,9,10.0,,,,59,,障2890,,,,,3181.0,8.0,
2020100417,2024-02-10,2小倉1,晴,4,障害4歳以上未勝利,202410020104,,12,5,6,1847.0,10,6.0,,,,57,,障2860,,,,,3143.0,2.0,
2020100417,2024-01-13,1小倉1,晴,5,障害4歳以上未勝利,202410010105,,12,5,6,1504.0,11,8.0,,,,59,,障2860,,,,,3150.0,5.0,
2020100417,2023-10-09,4東京3,雨,4,障害3歳以上未勝利,202305040304,,12,8,12,186.0,5,10.0,,,,58,,障3000,,,,,3357.0,8.0,
2020100417,2023-08-13,3新潟2,晴,2,3歳未勝利,202304030202,,15,3,4,874.0,10,11.0,,,,56,,ダ1800,,,,,1558.0,2.0,
2020100417,2023-06-18,3東京6,晴,3,3歳未勝利,202305030603,,11,5,5,212.0,8,7.0,,,,56,,ダ2100,,,,,2142.0,1.0,
2020100417,2023-05-28,2東京12,晴,3,3歳未勝利,202305021203,,16,2,4,108.0,3,5.0,,,,56,,ダ2100,,,,,2150.0,2.0,
2020100417,2023-05-06,2東京5,晴,5,3歳未勝利,202305020505,,12,6,7,85.0,3,4.0,,,,56,,ダ2100,,,,,2168.0,1.0,
2020100417,2023-04-22,2東京1,曇,3,3歳未勝利,202305020103,,15,7,12,1263.0,12,2.0,,,,56,,ダ2100,,,,,2145.0,0.0,
2020100417,2023-04-08,3中山5,曇,6,3歳未勝利,202306030506,,15,4,6,1422.0,10,8.0,,,,56,,ダ1800,,,,,1562.0,1.0,
2020100417,2023-03-25,3中山1,雨,3,3歳未勝利,202306030103,,16,2,4,2662.0,14,9.0,,,,56,,ダ1800,,,,,1562.0,1.0,
2020100417,2023-01-28,1東京1,晴,3,3歳未勝利,202305010103,,16,4,8,1899.0,12,9.0,,,,56,,ダ1600,,,,,1413.0,1.0,
2020100417,2023-01-05,1中山1,晴,3,3歳新馬,202306010103,,16,8,15,935.0,13,8.0,,,,56,,ダ1800,,,,,1589.0,1.0,
2020102734,2025-10-04,4東京1,小雨,10,白秋S(3勝クラス),202505040110,,15,6,11,554.0,11,12.0,,,,53,,芝1400,,,,,1208.0,1.0,
2020102734,2025-08-31,2札幌4,曇,11,日高S(3勝クラス),202501020411,,13,8,12,193.0,7,6.0,,,,56,,芝1500,,,,,1303.0,0.0,
2020102734,2025-07-27,1札幌2,曇,12,羊ヶ丘特別(2勝クラス),202501010212,,8,2,2,52.0,3,1.0,,,,56,,芝1500,,,,,1280.0,,
2020102734,2025-07-06,1函館8,晴,9,立待岬特別(2勝クラス),202502010809,,11,8,10,1361.0,11,3.0,,,,56,,芝1200,,,,,1096.0,0.0,
2020102734,2025-02-08,1東京3,晴,10,テレビ山梨杯(2勝クラス),202505010310,,13,8,13,325.0,9,12.0,,,,54,,芝1400,,,,,1226.0,1.0,
2020102734,2025-01-11,1中山3,晴,12,4歳以上2勝クラス,202506010312,,10,6,6,327.0,7,6.0,,,,56,,芝1600,,,,,1338.0,0.0,
2020102734,2024-12-08,5中山4,晴,12,3歳以上2勝クラス,202406050412,,16,1,1,284.0,8,12.0,,,,56,,芝1600,,,,,1342.0,0.0,
2020102734,2024-11-17,5東京6,晴,12,3歳以上2勝クラス,202405050612,,18,2,3,133.0,7,5.0,,,,56,,芝1400,,,,,1215.0,0.0,
2020102734,2024-10-13,4東京3,晴,12,西湖特別(2勝クラス),202405040312,,11,3,3,51.0,3,9.0,,,,56,,ダ1300,,,,,1189.0,1.0,
2020102734,2024-06-16,3東京6,晴,10,相模湖特別(2勝クラス),202405030610,,12,1,1,19.0,1,9.0,,,,56,,芝1400,,,,,1212.0,1.0,
2020102734,2024-05-18,2東京9,晴,10,高尾特別(2勝クラス),202405020910,,12,6,7,21.0,1,2.0,,,,56,,芝1400,,,,,1212.0,0.0,
2020102734,2024-04-20,2東京1,曇,8,4歳以上2勝クラス,202405020108,,10,4,4,21.0,1,2.0,,,,56,,芝1400,,,,,1208.0,0.0,
2020102734,2024-03-16,1中京3,晴,12,4歳以上1勝クラス,202407010312,,16,7,14,18.0,1,1.0,,,,56,,ダ1400,,,,,1253.0,0.0,
2020102734,2024-02-17,1東京7,曇,7,4歳以上1勝クラス,202405010707,,16,4,8,56.0,2,3.0,,,,56,,ダ1400,,,,,1264.0,0.0,
2020102734,2024-01-21,1中山7,雨,4,4歳以上1勝クラス,202406010704,,16,1,1,38.0,2,2.0,,,,56,,ダ1200,,,,,1113.0,0.0,
2020102734,2023-10-29,4新潟6,曇,12,3歳以上1勝クラス,202304040612,,18,8,18,40.0,2,4.0,,,,52,,芝1400,,,,,1234.0,0.0,
2020102734,2023-10-09,4東京3,雨,8,3歳以上1勝クラス,202305040308,,16,2,3,147.0,6,1.0,,,,52,,芝1400,,,,,1214.0,0.0,
2020102734,2023-08-20,3新潟4,晴,6,3歳未勝利,202304030406,,18,8,18,54.0,3,3.0,,,,54,,芝1400,,,,,1216.0,0.0,
2020102734,2023-07-29,2新潟1,晴,7,3歳未勝利,202304020107,,17,8,16,135.0,7,2.0,,,,54,,芝1400,,,,,1212.0,0.0,
2020102734,2023-07-09,2福島4,曇,2,3歳未勝利,202303020402,,15,7,13,37.0,3,3.0,,,,54,,ダ1700,,,,,1484.0,0.0,
2020102734,2023-06-18,3東京6,晴,2,3歳未勝利,202305030602,,16,1,1,31.0,2,3.0,,,,54,,ダ1600,,,,,1385.0,0.0,
2020102734,2023-05-27,2東京11,晴,1,3歳未勝利,202305021101,,16,8,15,21.0,1,3.0,,,,51,,ダ1600,,,,,1394.0,0.0,
2020102734,2023-05-07,2東京6,曇,1,3歳未勝利,202305020601,,16,3,5,111.0,4,2.0,,,,51,,ダ1400,,,,,1267.0,0.0,
2020103435,2025-01-05,1中京1,晴,8,4歳以上2勝クラス,202507010108,,16,3,6,755.0,13,13.0,,,,56,,ダ1200,,,,,1135.0,1.0,
2020103435,2024-12-01,4中京2,晴,10,クロフネC(2勝クラス),202407040210,,16,1,1,364.0,9,15.0,,,,56,,ダ1200,,,,,1129.0,2.0,
2020103435,2024-05-19,2東京10,曇,12,三峰山特別(2勝クラス),202405021012,,15,5,8,170.0,8,14.0,,,,56,,ダ1600,,,,,1396.0,2.0,
2020103435,2024-03-10,1阪神6,晴,12,4歳以上2勝クラス,202409010612,,13,3,3,49.0,3,9.0,,,,56,,ダ1200,,,,,1137.0,1.0,
2020103435,2024-01-27,2京都1,晴,9,4歳以上2勝クラス,202408020109,,16,2,4,30.0,1,6.0,,,,56,,ダ1200,,,,,1122.0,0.0,
2020103435,2023-12-28,5中山9,晴,10,ベストウィッシュC(2勝クラス),202306050910,,16,2,4,100.0,6,4.0,,,,55,,ダ1200,,,,,1113.0,0.0,
2020103435,2023-12-03,4中京2,晴,2,3歳以上1勝クラス,202307040202,,16,2,3,50.0,2,1.0,,,,55,,ダ1200,,,,,1120.0,,
2020103435,2023-10-21,2京都6,曇,6,3歳以上1勝クラス,202308020606,,14,7,11,38.0,1,7.0,,,,55,,ダ1200,,,,,1135.0,1.0,
2020103435,2023-10-09,2京都3,曇,8,3歳以上1勝クラス,202308020308,,16,1,2,114.0,5,2.0,,,,55,,ダ1200,,,,,1130.0,0.0,
2020103435,2023-05-28,2東京12,晴,5,3歳1勝クラス,202305021205,,16,7,14,1122.0,11,16.0,,,,54,,ダ1600,,,,,1408.0,4.0,
2020103435,2023-04-16,3中山8,晴,5,3歳1勝クラス,202306030805,,16,2,4,131.0,6,14.0,,,,54,,ダ1200,,,,,1127.0,2.0,
2020103435,2023-03-19,2中山8,晴,4,3歳1勝クラス,202306020804,,16,8,16,62.0,3,3.0,,,,54,,ダ1200,,,,,1107.0,0.0,
2020103435,2023-01-28,1中京9,晴,2,3歳未勝利,202307010902,,12,2,2,21.0,1,1.0,,,,54,,ダ1200,,,,,1133.0,,
2020103435,2022-12-25,6阪神8,晴,2,2歳未勝利,202209060802,,16,3,6,46.0,2,7.0,,,,54,,ダ1400,,,,,1275.0,0.0,
2020103435,2022-12-03,6中京1,晴,2,2歳未勝利,202207060102,,16,7,14,30.0,1,3.0,,,,54,,ダ1400,,,,,1269.0,0.0,
2020103435,2022-10-01,5中京8,晴,1,2歳未勝利,202207050801,,15,8,15,86.0,3,2.0,,,,54,,ダ1400,,,,,1263.0,0.0,
2020103435,2022-09-04,2札幌8,晴,2,2歳未勝利,202201020802,,14,2,2,299.0,8,5.0,,,,54,,芝1500,,,,,1310.0,0.0,
2020103435,2022-08-13,2札幌1,曇,5,2歳新馬,202201020105,,14,8,14,167.0,7,6.0,,,,54,,芝1500,,,,,1317.0,0.0,
2021100018,2023-11-18,3京都5,曇,3,2歳未勝利,202308030503,,12,4,4,6429.0,12,12.0,,,,52,,芝1600,,,,,1386.0,2.0,
2021100018,2023-10-29,2京都9,晴,3,2歳未勝利,202308020903,,13,5,6,3714.0,13,12.0,,,,52,,芝1600,,,,,1376.0,3.0,
2021100018,2023-10-09,2京都3,曇,4,2歳新馬,202308020304,,17,8,17,1411.0,15,16.0,,,,52,,芝1400,,,,,1257.0,3.0,
2021100953,2025-10-18,4東京6,曇,11,富士S(GII),202505040611,,14,2,2,159.0,5,9.0,,,,57,,芝1600,,,,,1325.0,0.0,
2021100953,2025-08-17,3中京8,晴,7,中京記念(GIII),202507030807,,12,6,7,58.0,4,7.0,,,,58,,芝1600,,,,,1327.0,0.0,
2021100953,2025-06-08,3東京2,曇,11,安田記念(GI),202505030211,,18,7,14,130.0,5,9.0,,,,58,,芝1600,,,,,1333.0,0.0,
2021100953,2025-02-09,1東京4,晴,11,東京新聞杯(GIII),202505010411,,16,6,12,74.0,3,1.0,,,,57,,芝1600,,,,,1326.0,,
2021100953,2025-01-05,1中京1,晴,11,スポニチ賞京都金杯(GIII),202507010111,,16,8,16,69.0,4,2.0,,,,57,,芝1600,,,,,1336.0,0.0,
2021100953,2024-11-23,5東京7,晴,11,キャピタルS(L),202405050711,,18,5,9,196.0,8,1.0,,,,56,,芝1600,,,,,1323.0,0.0,
2021100953,2024-10-26,4東京7,曇,10,キングカメハメハM(3勝クラス),202405040710,,7,4,4,26.0,1,1.0,,,,56,,芝1600,,,,,1336.0,0.0,
2021100953,2024-05-05,2東京6,晴,11,NHKマイルC(GI),202405020611,,18,5,10,2033.0,14,8.0,,,,57,,芝1600,,,,,1334.0,1.0,
2021100953,2024-04-14,3中山8,晴,11,皐月賞(GI),202406030811,,17,8,18,2752.0,17,16.0,,,,57,,芝2000,,,,,1592.0,2.0,
2021100953,2024-03-17,2中山8,晴,11,フジTVスプリングS(GII),202406020811,,10,3,3,58.0,2,9.0,,,,57,,芝1800,,,,,1503.0,0.0,
2021100953,2024-02-04,2京都4,晴,11,きさらぎ賞(GIII),202408020411,,12,3,3,284.0,10,2.0,,,,57,,芝1800,,,,,1468.0,0.0,
2021100953,2024-01-08,1京都3,晴,11,日刊スポシンザン記念(GIII),202408010311,,18,7,14,2076.0,17,3.0,,,,57,,芝1600,,,,,1347.0,0.0,
2021100953,2023-12-16,5阪神5,雨,7,2歳未勝利,202309050507,,8,8,8,66.0,4,1.0,,,,56,,芝2000,,,,,2037.0,0.0,
2021100953,2023-11-26,3京都8,曇,3,2歳未勝利,202308030803,,15,7,12,56.0,3,3.0,,,,52,,芝2000,,,,,2029.0,0.0,
2021100953,2023-11-04,3京都1,晴,4,2歳未勝利,202308030104,,8,7,7,445.0,7,3.0,,,,52,,芝2000,,,,,2013.0,0.0,
2021100953,2023-10-09,2京都3,曇,5,2歳新馬,202308020305,,10,8,10,336.0,8,5.0,,,,56,,芝2000,,,,,2064.0,0.0,
2021102667,2025-09-02,盛岡,曇,11,中山優馬賞(B1),202535090211,,11,4,4,1916.0,11,10.0,,,,54,,ダ1600,,,,,1414.0,2.0,
2021102667,2025-08-26,盛岡,曇,5,C2一組,202535082605,,8,6,6,87.0,5,2.0,,,,54,,ダ1400,,,,,1282.0,0.0,
2021102667,2025-06-10,笠松,雨,8,C7,202547061008,,10,6,6,165.0,5,5.0,,,,55,,ダ1600,,,,,1465.0,2.0,
2021102667,2025-05-29,笠松,曇,12,かがり火特別(C),202547052912,,10,7,8,38.0,2,3.0,,,,55,,ダ1400,,,,,1327.0,0.0,
2021102667,2025-05-01,笠松,晴,3,C10・C13組(CC),202547050103,,9,1,1,91.0,4,4.0,,,,55,,ダ1400,,,,,1304.0,1.0,
2021102667,2025-04-14,笠松,晴,6,陽春賞(C),202547041406,,8,4,4,53.0,3,2.0,,,,55,,ダ1400,,,,,1332.0,0.0,
2021102667,2025-04-03,笠松,晴,8,マメザクラ賞(C),202547040308,,6,7,7,,,,,,,55,,ダ1600,,,,,,,
2021102667,2025-03-21,笠松,曇,4,政輝・優里子結婚記念(C),202547032104,,8,8,8,33.0,2,3.0,,,,54,,ダ1400,,,,,1342.0,1.0,
2021102667,2025-01-08,笠松,曇,9,ハボタン特別(C),202547010809,,8,5,5,24.0,1,5.0,,,,54,,ダ1600,,,,,1476.0,0.0,
2021102667,2024-12-12,笠松,晴,5,アイスチューリップ賞(C),202447121205,,8,5,5,48.0,2,1.0,,,,54,,ダ1600,,,,,1453.0,,
2021102667,2024-11-27,笠松,曇,7,C12組,202447112707,,10,5,5,93.0,5,3.0,,,,54,,ダ1400,,,,,1306.0,0.0,
2021102667,2024-11-06,笠松,晴,12,シクラメン特別(C),202447110612,,10,1,1,136.0,6,4.0,,,,54,,ダ1600,,,,,1480.0,1.0,
2021102667,2024-10-08,笠松,曇,8,C18組,202447100808,,9,2,2,43.0,2,1.0,,,,54,,ダ1400,,,,,1325.0,,
2021102667,2024-08-25,2札幌6,晴,4,3歳未勝利,202401020604,,14,6,9,2558.0,13,8.0,,,,55,,ダ1700,,,,,1490.0,1.0,
2021102667,2024-08-10,2札幌1,曇,4,3歳未勝利,202401020104,,14,3,4,5431.0,14,4.0,,,,55,,ダ1700,,,,,1489.0,2.0,
2021102667,2024-07-21,1札幌2,晴,6,3歳未勝利,202401010206,,16,7,13,3356.0,16,15.0,,,,55,,芝2000,,,,,2030.0,2.0,
2021102667,2024-07-06,2福島3,曇,4,3歳未勝利,202403020304,,16,5,9,3187.0,16,11.0,,,,55,,芝2000,,,,,2028.0,1.0,
2021102667,2024-05-04,1新潟3,晴,6,3歳未勝利,202404010306,,15,2,3,1948.0,12,12.0,,,,53,,芝2000,,,,,2061.0,2.0,
2021102667,2024-04-13,1福島3,晴,4,3歳未勝利,202403010304,,16,4,7,2443.0,14,9.0,,,,53,,芝2000,,,,,2029.0,1.0,
2021102667,2024-01-13,1中山4,晴,6,3歳未勝利,202406010406,,17,8,15,6017.0,16,15.0,,,,54,,芝2000,,,,,2034.0,3.0,
2021102667,2023-10-09,4東京3,雨,2,2歳未勝利,202305040302,,13,4,5,4809.0,13,10.0,,,,55,,芝1600,,,,,1373.0,2.0,
2021102667,2023-09-17,4中山4,晴,4,2歳新馬,202306040404,,16,2,4,438.0,10,15.0,,,,53,,芝1200,,,,,1143.0,3.0,
2021102685,2024-08-17,3新潟3,晴,7,3歳未勝利,202404030307,,18,8,16,178.0,6,14.0,,,,55,,芝1600,,,,,1356.0,2.0,
2021102685,2024-06-15,3東京5,晴,3,3歳未勝利,202405030503,,16,4,7,116.0,5,10.0,,,,55,,ダ1600,,,,,1397.0,1.0,
2021102685,2024-05-19,2東京10,曇,4,3歳未勝利,202405021004,,14,6,10,50.0,3,8.0,,,,55,,芝1800,,,,,1486.0,1.0,
2021102685,2024-04-27,2東京3,曇,4,3歳未勝利,202405020304,,17,1,2,214.0,5,3.0,,,,54,,芝1600,,,,,1335.0,0.0,
2021102685,2024-04-14,3中山8,晴,1,3歳未勝利,202406030801,,16,3,6,26.0,1,5.0,,,,55,,ダ1800,,,,,1569.0,1.0,
2021102685,2024-02-24,2中山1,晴,4,3歳未勝利,202406020104,,16,7,13,37.0,1,2.0,,,,55,,ダ1800,,,,,1569.0,0.0,
2021102685,2024-02-03,1東京3,晴,1,3歳未勝利,202405010301,,16,6,12,65.0,4,3.0,,,,55,,ダ1400,,,,,1289.0,2.0,
2021102685,2024-01-06,1中山1,晴,1,3歳未勝利,202406010101,,16,8,16,153.0,6,3.0,,,,55,,ダ1200,,,,,1132.0,0.0,
2021102685,2023-12-10,5中山4,晴,1,2歳未勝利,202306050401,,16,4,8,44.0,2,3.0,,,,55,,ダ1200,,,,,1131.0,1.0,
2021102685,2023-10-28,4東京8,晴,2,2歳未勝利,202305040802,,16,4,8,45.0,2,5.0,,,,55,,ダ1300,,,,,1213.0,2.0,
2021102685,2023-10-09,4東京3,雨,2,2歳未勝利,202305040302,,13,6,8,64.0,3,6.0,,,,54,,芝1600,,,,,1363.0,1.0,
2021102685,2023-06-25,3東京8,晴,5,2歳新馬,202305030805,,16,4,7,36.0,1,4.0,,,,54,,芝1600,,,,,1373.0,0.0,
2021103709,2024-05-17,園田,晴,8,3歳C2,202450051708,,12,1,1,379.0,9,12.0,,,,54,,ダ820,,,,,546.0,3.0,
2021103709,2024-04-25,園田,晴,4,APRILスプリント(C1),202450042504,,12,8,11,1587.0,10,10.0,,,,54,,ダ1230,,,,,1248.0,2.0,
2021103709,2024-04-09,園田,曇,6,3歳C1,202450040906,,10,8,9,615.0,8,9.0,,,,54,,ダ1400,,,,,1378.0,4.0,
2021103709,2023-11-19,3福島6,晴,1,2歳未勝利,202303030601,,16,7,13,3811.0,14,16.0,,,,52,,ダ1150,,,,,1123.0,3.0,
2021103709,2023-10-22,4東京7,晴,2,2歳未勝利,202305040702,,11,3,3,2818.0,11,11.0,,,,54,,芝1600,,,,,1373.0,1.0,
2021103709,2023-10-09,4東京3,雨,2,2歳未勝利,202305040302,,13,8,13,888.0,9,9.0,,,,52,,芝1600,,,,,1370.0,1.0,
2021103709,2023-07-08,2福島3,曇,6,2歳新馬,202303020306,,12,6,8,73.0,4,9.0,,,,54,,芝1200,,,,,1127.0,2.0,
2021105504,2025-10-29,浦和,晴,8,オパール特別(C3),202542102908,,11,8,10,73.0,3,10.0,,,,54,,ダ1400,,,,,1334.0,2.0,
2021105504,2025-10-03,船橋,曇,6,日本一短い鉄道!芝山(C3),202543100306,,11,6,7,30.0,1,7.0,,,,54,,ダ1500,,,,,1403.0,1.0,
2021105504,2025-08-30,船橋,晴,5,馬い!八丈西浜青レモ(C3),202543083005,,8,6,6,27.0,1,2.0,,,,54,,ダ1500,,,,,1392.0,1.0,
2021105504,2025-06-05,船橋,晴,6,馬い!たがやす倶楽部(C2),202543060506,,12,1,1,36.0,3,10.0,,,,54,,ダ1500,,,,,1408.0,0.0,
2021105504,2025-05-08,船橋,晴,3,C3　選抜馬,202543050803,,12,3,3,15.0,1,1.0,,,,54,,ダ1500,,,,,1396.0,,
2021105504,2025-04-02,船橋,曇,3,C3　四組下,202543040203,,12,5,6,19.0,1,2.0,,,,54,,ダ1500,,,,,1395.0,0.0,
2021105504,2025-03-13,船橋,晴,3,C3　三組下,202543031303,,12,4,4,19.0,1,3.0,,,,54,,ダ1500,,,,,1404.0,0.0,
2021105504,2024-12-20,名古屋,晴,6,C16組,202448122006,,11,2,2,33.0,2,2.0,,,,54,,ダ1500,,,,,1379.0,0.0,
2021105504,2024-12-05,名古屋,晴,1,C12組,202448120501,,12,3,3,30.0,1,5.0,,,,54,,ダ920,,,,,571.0,1.0,
2021105504,2024-11-21,名古屋,晴,7,C15組,202448112107,,12,7,10,77.0,3,3.0,,,,54,,ダ1500,,,,,1374.0,0.0,
2021105504,2024-10-30,名古屋,晴,6,C17組,202448103006,,12,4,4,52.0,4,5.0,,,,54,,ダ1500,,,,,1380.0,1.0,
2021105504,2024-10-02,名古屋,晴,5,C18組,202448100205,,12,8,12,166.0,6,2.0,,,,54,,ダ1500,,,,,1365.0,1.0,
2021105504,2024-09-18,名古屋,晴,4,3歳10組,202448091804,,12,8,12,103.0,4,2.0,,,,54,,ダ1500,,,,,1374.0,0.0,
2021105504,2024-07-25,名古屋,小雨,5,3歳9組,202448072505,,12,3,3,56.0,3,6.0,,,,54,,ダ1500,,,,,1375.0,0.0,
2021105504,2024-07-12,名古屋,雨,4,3歳8組,202448071204,,12,5,5,73.0,3,4.0,,,,54,,ダ1500,,,,,1366.0,0.0,
2021105504,2024-06-27,名古屋,晴,1,3歳10組,202448062701,,12,6,7,21.0,2,2.0,,,,54,,ダ1400,,,,,1296.0,0.0,
2021105504,2024-06-17,名古屋,曇,3,3歳13組,202448061703,,12,3,3,60.0,3,3.0,,,,54,,ダ1500,,,,,1379.0,0.0,
2021105504,2024-05-31,名古屋,曇,3,3歳10組,202448053103,,12,7,9,48.0,3,8.0,,,,54,,ダ1500,,,,,1378.0,2.0,
2021105504,2024-03-16,2中山7,晴,5,3歳未勝利,202406020705,,17,5,10,3990.0,16,17.0,,,,52,,芝2200,,,,,2183.0,2.0,
2021105504,2024-02-17,2小倉3,晴,1,3歳未勝利,202410020301,,16,7,13,906.0,9,12.0,,,,55,,ダ1700,,,,,1504.0,2.0,
2021105504,2023-11-11,5東京3,曇,1,2歳未勝利,202305050301,,15,6,11,112.0,5,14.0,,,,55,,ダ1600,,,,,1436.0,4.0,
2021105504,2023-10-09,4東京3,雨,1,2歳未勝利,202305040301,,13,7,10,166.0,6,6.0,,,,55,,ダ1600,,,,,1391.0,1.0,
2021105504,2023-09-23,4中山6,曇,5,2歳新馬,202306040605,,16,3,5,469.0,10,8.0,,,,55,,芝1600,,,,,1395.0,1.0,
2021106792,2025-08-05,金沢,曇,6,リワメモ感謝祭杯20(C2),202546080506,,9,6,6,30.0,1,4.0,,,,55,,ダ1400,,,,,1321.0,1.0,
2021106792,2025-07-20,金沢,晴,5,祝!結婚★広暉君のな(C2),202546072005,,9,2,2,64.0,3,4.0,,,,55,,ダ1400,,,,,1316.0,1.0,
2021106792,2025-07-07,金沢,晴,6,20歳のお誕生日記念(C2特別),202546070706,,9,2,2,66.0,4,3.0,,,,55,,ダ1500,,,,,1380.0,0.0,
2021106792,2025-06-23,金沢,雨,4,フミヨリ先生誕生日記(C2),202546062304,,10,6,6,419.0,7,5.0,,,,55,,ダ1400,,,,,1301.0,1.0,
2021106792,2025-06-08,金沢,曇,5,おトクにPLAY!オ(C2),202546060805,,10,7,8,120.0,4,10.0,,,,55,,ダ1500,,,,,1401.0,2.0,
2021106792,2025-05-26,金沢,曇,5,C23,202546052605,,9,2,2,312.0,6,3.0,,,,55,,ダ1400,,,,,1307.0,0.0,
2021106792,2025-05-13,金沢,晴,3,C26　特別編成(C2特別),202546051303,,9,4,4,53.0,4,4.0,,,,55,,ダ1500,,,,,1381.0,0.0,
2021106792,2025-04-27,金沢,晴,5,C24,202546042705,,8,4,4,241.0,6,3.0,,,,55,,ダ1400,,,,,1321.0,0.0,
2021106792,2025-04-08,金沢,雨,6,☆桃歌ちゃん小学校入(C1),202546040806,,7,5,5,56.0,3,6.0,,,,55,,ダ1500,,,,,1402.0,3.0,
2021106792,2025-03-24,金沢,曇,3,激熱CHANCE!秋(C1),202546032403,,8,3,3,39.0,3,4.0,,,,54,,ダ1500,,,,,1396.0,1.0,
2021106792,2025-02-16,1小倉8,晴,12,4歳以上1勝クラス,202510010812,,15,4,6,992.0,13,9.0,,,,51,,芝1800,,,,,1490.0,0.0,
2021106792,2025-02-09,1小倉6,晴,8,4歳以上1勝クラス,202510010608,,16,6,12,1718.0,14,10.0,,,,52,,芝2000,,,,,2032.0,1.0,
2021106792,2025-02-01,1小倉3,雨,8,4歳以上1勝クラス,202510010308,,16,7,14,444.0,11,11.0,,,,52,,芝1800,,,,,1503.0,1.0,
2021106792,2024-09-01,3新潟8,晴,4,3歳未勝利,202404030804,,18,3,6,123.0,7,5.0,,,,55,,芝2200,,,,,2144.0,0.0,
2021106792,2024-08-24,3新潟5,晴,4,3歳未勝利,202404030504,,18,1,2,76.0,5,5.0,,,,55,,芝2000,,,,,2010.0,0.0,
2021106792,2024-08-11,3新潟2,晴,6,3歳未勝利,202404030206,,18,2,3,167.0,6,5.0,,,,55,,芝1800,,,,,1476.0,0.0,
2021106792,2024-04-14,3中山8,晴,4,3歳未勝利,202406030804,,17,2,4,133.0,6,4.0,,,,55,,芝2200,,,,,2141.0,0.0,
2021106792,2024-03-24,1中京6,小雨,4,3歳未勝利,202407010604,,16,1,1,192.0,7,6.0,,,,55,,芝2000,,,,,2041.0,0.0,
2021106792,2024-03-09,1中京1,晴,3,3歳未勝利,202407010103,,12,7,10,259.0,8,6.0,,,,52,,芝2000,,,,,2039.0,0.0,
2021106792,2024-02-18,1東京8,晴,4,3歳未勝利,202405010804,,16,2,3,744.0,9,7.0,,,,55,,芝1800,,,,,1491.0,0.0,
2021106792,2023-12-16,5中山5,晴,4,2歳未勝利,202306050504,,16,2,4,538.0,7,7.0,,,,55,,芝1800,,,,,1500.0,1.0,
2021106792,2023-11-19,5東京6,晴,2,2歳未勝利,202305050602,,16,5,10,587.0,7,4.0,,,,55,,芝1800,,,,,1485.0,0.0,
2021106792,2023-10-29,4新潟6,小雨,1,2歳未勝利,202304040601,,15,2,2,333.0,9,7.0,,,,53,,芝2000,,,,,2054.0,1.0,
2021106792,2023-10-09,4東京3,雨,2,2歳未勝利,202305040302,,13,5,7,630.0,8,5.0,,,,53,,芝1600,,,,,1360.0,0.0,
2021106792,2023-08-26,3新潟5,晴,5,2歳新馬,202304030505,,11,6,6,508.0,9,7.0,,,,53,,芝1800,,,,,1508.0,1.0,
2021106823,2025-01-25,1小倉1,晴,11,小倉牝馬S(GIII),202510010111,,18,7,14,124.0,5,3.0,,,,55,,芝2000,,,,,1586.0,0.0,
2021106823,2024-11-30,7京都1,晴,11,チャレンジC(GIII),202408070111,,15,4,6,152.0,8,8.0,,,,53,,芝2000,,,,,1595.0,1.0,
2021106823,2024-10-13,5京都4,晴,11,秋華賞(GI),202408050411,,15,5,8,274.0,9,9.0,,,,55,,芝2000,,,,,1580.0,0.0,
2021106823,2024-07-28,1札幌4,晴,11,クイーンS(GIII),202401010411,,14,7,12,96.0,5,1.0,,,,51,,芝1800,,,,,1474.0,0.0,
2021106823,2024-05-19,2東京10,曇,11,優駿牝馬(GI),202405021011,,18,3,5,190.0,7,12.0,,,,55,,芝2400,,,,,2252.0,1.0,
2021106823,2024-04-28,2東京4,晴,11,スイートピーS(L),202405020411,,13,4,5,72.0,6,1.0,,,,55,,芝1800,,,,,1456.0,0.0,
2021106823,2024-04-06,3中山5,曇,7,3歳1勝クラス,202406030507,,8,5,5,22.0,1,1.0,,,,55,,芝1800,,,,,1483.0,,
2021106823,2023-10-09,4東京3,雨,3,2歳未勝利,202305040303,,9,4,4,42.0,2,1.0,,,,55,,芝1800,,,,,1486.0,,
2021106823,2023-09-18,4中山5,晴,4,2歳未勝利,202306040504,,11,3,3,49.0,3,4.0,,,,55,,芝1800,,,,,1496.0,0.0,
2021106823,2023-08-20,3新潟4,晴,1,2歳未勝利,202304030401,,9,4,4,30.0,2,2.0,,,,55,,芝1600,,,,,1348.0,0.0,
2021106823,2023-08-05,2新潟3,晴,5,2歳新馬,202304020305,,13,3,3,62.0,2,3.0,,,,55,,芝1800,,,,,1512.0,0.0,
2021110056,2025-10-04,3京都1,曇,11,オパールS(L),202508030111,,18,7,14,665.0,17,17.0,,,,55,,芝1200,,,,,1107.0,3.0,
2021110056,2025-09-14,4中山4,曇,11,ラジオ日本賞(OP),202506040411,,16,5,9,327.0,12,14.0,,,,57,,ダ1200,,,,,1117.0,1.0,
2021110056,2025-07-20,2福島8,晴,11,福島テレビ賞(OP),202503020811,,13,5,6,116.0,6,6.0,,,,57,,ダ1150,,,,,1080.0,0.0,
2021110056,2025-04-26,2京都1,晴,11,天王山S(OP),202508020111,,14,7,11,202.0,8,10.0,,,,57,,ダ1200,,,,,1118.0,1.0,
2021110056,2025-04-06,2阪神4,晴,12,陽春S(3勝クラス),202509020412,,11,4,4,24.0,1,1.0,,,,58,,ダ1200,,,,,1114.0,,
2021110056,2024-11-30,7京都1,晴,10,姫路S(3勝クラス),202408070110,,15,7,13,56.0,2,5.0,,,,57,,ダ1200,,,,,1121.0,0.0,
2021110056,2024-11-02,6京都1,雨,10,貴船S(3勝クラス),202408060110,,16,6,11,28.0,2,8.0,,,,57,,ダ1200,,,,,1119.0,1.0,
2021110056,2024-10-05,5京都1,晴,10,大山崎S(3勝クラス),202408050110,,16,6,11,32.0,2,2.0,,,,57,,ダ1200,,,,,1117.0,0.0,
2021110056,2024-09-14,4中山3,晴,11,初風S(3勝クラス),202406040311,,16,8,15,37.0,1,2.0,,,,55,,ダ1200,,,,,1114.0,0.0,
2021110056,2024-04-29,園田,雨,11,兵庫チャンピオンシッ(JpnII),202450042911,,11,6,6,62.0,3,8.0,,,,57,,ダ1400,,,,,1303.0,1.0,
2021110056,2024-01-17,船橋,晴,11,ブルーバードC(JpnIII),202443011711,,9,4,4,110.0,4,2.0,,,,57,,ダ1800,,,,,1559.0,0.0,
2021110056,2023-12-10,5阪神4,晴,6,2歳1勝クラス,202309050406,,7,7,7,51.0,2,1.0,,,,56,,ダ1200,,,,,1121.0,,
2021110056,2023-10-22,2京都7,晴,8,なでしこ賞(1勝クラス),202308020708,,8,3,3,45.0,3,4.0,,,,56,,ダ1400,,,,,1257.0,1.0,
2021110056,2023-10-09,2京都3,曇,2,2歳未勝利,202308020302,,10,7,8,21.0,1,1.0,,,,56,,ダ1200,,,,,1126.0,,
2021110056,2023-09-23,4阪神6,曇,2,2歳未勝利,202309040602,,10,7,7,34.0,2,3.0,,,,55,,芝1200,,,,,1093.0,0.0,
2021110056,2023-09-03,3小倉8,晴,2,2歳未勝利,202310030802,,14,7,11,69.0,4,3.0,,,,55,,芝1200,,,,,1094.0,0.0,
2021110056,2023-07-01,3中京1,曇,1,2歳未勝利,202307030101,,7,1,1,80.0,3,2.0,,,,55,,芝1400,,,,,1240.0,0.0,
2021110056,2023-06-17,3阪神5,晴,5,2歳新馬,202309030505,,13,3,3,70.0,3,5.0,,,,55,,ダ1200,,,,,1146.0,1.0,
